"region","municipality","county","dummy_coast","hh_category","land_area","holiday_homes","future_hh_area","holiday_homes_1970","hh_dwelling_ratio","median_hh_price","prop_hh_area","prop_wetlands","prop_montainous","altitudinal_range","dist_to_coast","veg_sections","veg_zones","prop_protected","grazing_livestock","infrastructure_index","population","population_change","median_age","urban_settlement_ratio","prop_farm_residents","pop_2hr_drive","pop_4hr_drive","median_income","education","employment_rate","prop_private_sector","municipal_economy","unrestricted_revenues","off_road_motor","ski_lifts","hiker_cabins","activity_data","activity_pr_person","culture_index"
"1134","Suldal","Rogaland",1,3,1582.54,1913,6.457153,505,0.867573696,1600000,9e-04,0.0101,0.0566,1645,10363.7793,-2.487052202,0.703064561,0.28304081,23924,1.357572794,3784,-5.911451892,43,0.31,29.5,170585.6634,609368.7132,444500,4.7,0.716,0.6893,5.6,77357,16,1,7,8064.124405,2.131111101,214.12749
"1135","Sauda","Rogaland",1,3,507.5,1285,7.146509,516,0.506503745,1750000,0.0017,0.0154,0.0756,1595,8675.055664,-3.185170412,0.633050323,0.001596028,7430,1.442276478,4525,-9.565046251,44,0.91,7.4,53287.17249,874272.9723,442700,4.8,0.676666667,0.6167,3.7,72715,14,6,1,11068.4478,2.446065813,98.01830419
"1525","Stranda","Møre og Romsdal",1,3,844.64,902,3.378503,316,0.364886731,2387500,8e-04,0.0147,0.2128,1771,4400.599121,-2.467831373,0.012281836,0.322460722,10118,1.066641927,4467,-3.292709001,44,0.71,17.2,130135.9276,258782.5167,429800,4.8,0.732333333,0.7841,-1.5,68325,5,7,1,14559.89657,3.259435096,104.3174212
"1539","Rauma","Møre og Romsdal",1,3,1389.95,1134,3.175839,518,0.326895359,790000,8e-04,0.0147,0.2434,1979,12322.60059,-1.566198945,-0.302830637,0.567347262,10935,1.184534907,7019,0.714767363,45,0.67,18.4,112979.104,249207.0116,423700,4.7,0.694,0.7242,-5.7,68277,32,1,5,39073.11039,5.566763128,152.7312467
"1563","Sunndal","Møre og Romsdal",1,3,1647.98,880,7.808873,473,0.23054755,997500,4e-04,0.0108,0.2488,1984,17300.70703,-1.218461633,-1.094827175,0.707207399,5489,0.801661551,6932,-4.50597177,46,0.67,12.3,44537.9632,428504.4134,436000,5.5,0.656,0.7228,-0.2,68471,26,1,10,20301.40098,2.928649882,186.6959178
"1578","Fjord","Møre og Romsdal",1,3,1144.06,998,0.13129,232,0.650586701,850000,6e-04,0.0101,0.2895,1982,7545.976563,-2.073393583,-0.37434119,0.506101185,8789,0.800081372,2491,-15.37184595,48,0.23,32.2,133566.0845,255677.303,404800,5.1,0.716666667,0.6884,0.7,87318,14,4,6,10029.50134,4.026295199,186.4740321
"1806","Narvik","Nordland",1,3,3194.67,3615,15.008466,1684,0.301174706,795000,0.001,0.0159,0.2136,1855,6665.864746,-0.729664624,-1.0095855,0.024343596,3532,0.978555739,21530,0,43,0.84,4,30103.66858,118709.4465,439700,7.2,0.645666667,0.6042,-2.1,67776,204,8,13,30705.80781,1.426187079,141.6225236
"1826","Aarborte - Hattfjelldal","Nordland",0,3,2411.12,665,9.707993,165,0.842839037,8e+05,2e-04,0.0538,0.0547,1541,50903.92969,0.137733027,-1.454620361,0.34018066,12805,0.559699416,1273,-20.62423501,50,0.4,39.6,16647.41077,59254.72384,381500,2.6,0.685,0.5627,7.2,92656,37,0,0,650.9045238,0.511315415,107.953237
"1839","Beiarn","Nordland",1,3,1178.73,587,0.196245,154,0.863235294,7e+05,5e-04,0.0122,0.1189,1582,16735.19727,-1.331812978,-0.974543452,0.32185517,4187,0.652323127,1012,-22.42562929,54,0,39.4,51839.76194,89849.83308,354500,2.5,0.623,0.5678,1.8,95750,59,0,3,1449.358851,1.432172777,116.7766157
"1840","Saltdal","Nordland",1,3,2083.92,1324,0.053381,520,0.527070064,950000,5e-04,0.0207,0.1148,1729,26478.00586,-0.013554983,-1.587684155,0.674747475,6530,0.668429911,4617,-4.419889503,46,0.56,16.1,73005.872,107040.7138,426800,3.8,0.659333333,0.5959,0.5,71830,169,0,8,5218.648434,1.130311552,99.89621838
"3006","Kongsberg","Viken",0,3,754.42,2544,7.35109,1223,0.180106195,1310000,0.0028,0.0405,0.0238,851,30644.30859,0.080840722,1.759760261,0.136767318,2398,3.491806746,27879,24.35742161,42,0.85,6.2,1710028.082,2491647.991,459200,11.6,0.662666667,0.751,1.1,61576,10,6,7,79305.34982,2.844626773,194.5960056
"3038","Hole","Viken",0,3,134.64,1000,0.010795,1471,0.339097999,2e+06,0.0052,0.0113,0.0027,497,22175.7168,0.909840047,2.013268948,0.107760861,282,5.098506927,6859,36.60839863,43,0.65,10.7,2138339.279,2451960.326,481400,12.9,0.696,0.6682,4.5,65420,9,0,5,32282.2959,4.706560126,82.52568603
"3039","Flå","Viken",0,3,670.82,2410,11.597039,343,3.389592124,1600000,0.0037,0.0641,0.0094,1322,81329.03906,0.720759571,0.189602479,0.171393213,1211,2.010884285,1057,-4.718693285,47,0,25.5,495505.7413,2318118.656,418100,4.9,0.705,0.7358,4,88637,21,0,3,7131.620039,6.747038826,49.53619891
"3040","Nesbyen","Viken",0,3,771.53,3751,8.498979,1088,1.9495842,2600000,0.0045,0.0919,0.0039,1172,99297.19531,1.397146583,-0.366673291,0.031559847,9263,2.426410437,3273,-7.227891156,49,0.65,23.8,33528.55333,2153039.317,418600,4.9,0.689666667,0.6691,-1.1,74261,5,7,0,13896.25356,4.245723666,143.8032212
"3041","Gol","Viken",0,3,514.07,2667,4.468795,856,0.949448202,2355000,0.0057,0.1115,0.0027,1103,88223.17188,1.441983938,-0.296114236,0.031143619,4471,3.092700243,4667,4.965831435,45,0.63,20.9,33973.40689,1969406.811,426700,5.1,0.726666667,0.7403,2.4,68659,7,5,1,12644.62991,2.709370025,132.562624
"3042","Hemsedal","Viken",0,3,711.76,2265,2.609951,999,1.617857143,4250000,0.0031,0.0425,0.1708,1355,54381.77734,0.503420353,-1.840178609,0.04831617,5111,1.78156209,2611,26.96629213,40,0.59,26.9,28383.73412,1962371.294,445600,8.7,0.748333333,0.7173,8.1,69737,18,22,1,17438.4096,6.678824051,154.6529899
"3043","Ål","Viken",0,3,1081.48,3073,10.118697,908,1.199453552,1400000,0.0026,0.0875,0.1302,1525,64756.52344,1.022116423,-1.389626265,0.091772386,20585,2.088265896,4650,-2.401336396,46,0.59,27.9,18059.22434,1782578.62,440700,5.6,0.712,0.6238,0.4,70706,69.2637362637363,10,0,11987.25335,2.577903947,303.7510587
"3044","Hol","Viken",0,3,1653.33,5832,17.772791,2325,2.090322581,3200000,0.0038,0.0455,0.0835,1484,49420.92578,0.823541045,-1.821730733,0.296018968,12556,1.501392841,4504,-4.330030159,46,0.64,15.8,22227.1797,2061084.794,433900,5.8,0.718333333,0.7098,1,68572,60,0,4,42741.63772,9.489706421,162.5609417
"3045","Sigdal","Viken",0,3,811.29,5050,26.983523,1341,2.495059289,1850000,0.0054,0.0494,0.002,1384,58968.82813,0.578024268,0.831620693,0.116508922,3851,3.015643597,3492,-2.502812148,48,0.14,35,584952.2198,2313632.088,417900,3.7,0.714333333,0.7527,3.6,70748,19,5,3,16294.64919,4.666279838,101.2472366
"3046","Krødsherad","Viken",0,3,339.76,1763,0.972357,538,1.469166667,3525000,0.0042,0.0301,0.0015,1323,57041.28125,0.672414243,1.403029323,0.04285504,1703,3.177767754,2189,-1.863354037,45,0.42,22,1347814.845,2362416.015,425700,4.9,0.677,0.7877,8.4,79483,0,11,0,8709.528353,3.978770376,125.5238681
"3050","Flesberg","Viken",0,3,537.78,3605,13.885255,1265,2.54770318,1850000,0.0058,0.0398,0.0028,1100,39564.75391,0.556949079,1.415619493,0.007586746,658,3.644915104,2720,7.908470494,44,0.35,30.6,1304428.153,2348373.052,437800,4,0.703666667,0.6456,-3.2,72808,13,4,0,9674.788153,3.556907409,47.72338776
"3051","Rollag","Viken",0,3,429.8,2421,11.159153,357,2.865088757,1500000,0.0047,0.0602,0.0056,1104,60645.75781,0.609326959,0.494589537,0.14957772,3156,2.856889725,1370,-6.836461126,48,0.26,41.6,229781.6344,2197225.294,406800,5.4,0.717666667,0.6331,5.6,88187,16,1,1,5809.17501,4.24027373,92.08762605
"3052","Nore og Uvdal","Viken",0,3,2265.78,4095,12.98327,1215,2.645348837,1650000,0.0015,0.07,0.0021,1187,72293.64844,1.374728799,-1.300297379,0.392993172,9569,1.270202398,2455,-11.75832127,49,0.2,39.7,43778.35455,2090743.813,420500,4.5,0.738,0.6406,1.3,78463,66,3,9,9949.553419,4.05277125,89.47548715
"3405","Lillehammer","Innlandet",0,3,450.72,1735,3.255731,830,0.108491746,2390000,0.0034,0.0923,3e-04,965,134973.5781,1.037538171,0.669099927,0.019258076,11233,4.257795811,28425,14.6456884,42,0.87,5.3,467628.3809,2203429.099,439400,11.7,0.682,0.5788,-1.4,61117,11,0,2,156484.6563,5.505177003,293.5253634
"3411","Ringsaker","Innlandet",0,3,1122.55,7286,13.196985,3598,0.430030101,2500000,0.006,0.0874,2e-04,963,120402.3516,1.327558875,1.00251627,0.052584226,22640,4.625379086,35073,9.948769844,43,0.57,13.4,614694.4717,2152368.987,425200,5.3,0.673666667,0.7272,2.1,60064,0,5,5,111348.7514,3.174771231,84.23083454
"3421","Trysil","Innlandet",0,3,2940.77,6926,15.73603,1012,1.73671013,3350000,0.0023,0.0945,0.0101,902,179319.5469,1.362551689,0.375542969,0.065799093,583,1.938658357,6603,-6.252652426,48,0.43,23.8,88518.42123,1812884.117,391600,4.5,0.650666667,0.6506,0.2,69735,69.2637362637363,34,0,25274.47615,3.827726207,130.0052337
"3422","Åmot","Innlandet",0,3,1293.32,2106,6.484299,418,0.627719821,2678500,0.0021,0.085,4e-04,858,155778.9531,1.384065747,0.814709127,0.083853957,3054,2.453513622,4195,-0.525234072,43,0.5,15.1,297567.1776,2073639.259,378700,4.7,0.624333333,0.4328,6.2,72315,15,2,0,19151.51445,4.565319296,129.4343644
"3423","Stor-Elvdal","Innlandet",0,3,2126.99,2098,13.855084,900,1.085359545,850000,0.001,0.0787,0.0237,1526,155559.1094,1.560008287,-0.336158097,0.172792666,7909,1.510599971,2318,-19.68791501,52,0.46,23.5,38116.1584,1604694.391,366100,6.3,0.580333333,0.5306,2.5,79541,14,0,1,6559.397559,2.829765988,145.4875393
"3424","Rendalen","Innlandet",0,3,3060.83,2279,18.806353,727,1.934634975,725000,8e-04,0.0942,0.0158,1474,166758.5938,1.925280571,-0.436248869,0.232844579,1641,1.058198094,1722,-21.134249,54,0.15,35.5,25820.00535,1675637.576,371400,4,0.623666667,0.6169,-2.3,81882,136,1,0,3348.280661,1.944413856,146.0494952
"3425","Engerdal","Innlandet",0,3,1915.9,1668,6.636621,414,1.919447641,2350000,8e-04,0.0835,0.021,979,170217.9531,1.682632923,-0.453275949,0.315188684,865,0.95690161,1253,-19.74683544,52,0,44.3,15337.02254,1306304.527,382300,3.7,0.645333333,0.5625,-2.2,91540,111,0,1,4814.419476,3.842314027,170.719933
"3426","Tolga","Innlandet",0,3,1097.27,710,7.390285,339,0.794183445,452500,7e-04,0.0993,0.0103,1106,115337.4609,2.132209301,-1.537448525,0.203756699,8965,1.191881895,1551,-13.79690949,43,0.37,49.4,12122.42203,428504.1653,413300,7.4,0.707666667,0.6501,1,80603,9,0,2,3041.128454,1.960753355,249.8629181
"3427","Tynset","Innlandet",0,3,1822.51,1859,6.821514,820,0.592793367,850000,0.001,0.0949,0.0039,1258,101530.4609,2.146940708,-1.353104115,0.289136661,18433,1.522375822,5581,1.918509044,43,0.51,28.3,52794.33353,759810.2871,425400,6.8,0.723333333,0.5877,3.5,69097,69.2637362637363,4,1,13210.4056,2.367032001,215.9856857
"3428","Alvdal","Innlandet",0,3,919.08,752,4.979248,383,0.589803922,825000,8e-04,0.0454,0.0339,1421,122579.8359,2.204683304,-1.383941054,0.009085172,17169,1.600923777,2445,0.620604055,43,0.32,34.8,17798.87552,1515821.089,441200,4.2,0.745333333,0.7444,1.9,76136,7,0,1,4622.243634,1.890488194,149.271463
"3429","Folldal","Innlandet",0,3,1260.27,537,3.337895,326,0.520348837,2100000,5e-04,0.0421,0.0412,1616,95477.29688,2.357529163,-1.982592463,0.422675913,18182,1.171100259,1530,-14.82910695,51,0.33,40.1,20499.4394,543097.6603,395000,4.3,0.681666667,0.601,4,81914,47,2,1,6309.984395,4.124172807,202.8238259
"3430","Os","Innlandet",0,3,1006.65,1146,9.928583,339,1.03057554,1480000,0.0011,0.1152,0.0042,956,109991.0547,1.815240145,-1.18581593,0.30210382,9573,1.48248589,1855,-11.96461825,48,0.36,47.1,10370.8927,401825.1143,421600,3.7,0.734,0.6231,9.2,80853,13,4,2,2782.843939,1.500185412,187.3811872
"3431","Dovre","Innlandet",0,3,1349.19,659,5.196956,580,0.472401434,1010000,4e-04,0.0282,0.1218,1858,82267.97656,1.414129376,-2.054070473,0.754595316,11236,1.041842103,2498,-10.45247282,50,0.46,26.9,37076.07669,1625677.579,401100,4.6,0.667,0.6387,4.7,74942,17,2,3,11594.11863,4.641360539,143.1252563
"3432","Lesja","Innlandet",0,3,2169.14,2164,3.263443,525,1.956600362,1880000,8e-04,0.0074,0.2164,1707,51373.37891,1.165956259,-2.366729021,0.8055991,19813,0.643335044,1986,-14.24229266,46.5,0,48.6,42017.7929,621755.0296,409500,4.9,0.727,0.6429,3.7,81040,6,6,0,5668.816084,2.854388764,148.0231922
"3433","Skjåk","Innlandet",0,3,1966.68,719,1.012589,282,0.532198372,1800000,3e-04,0.0016,0.332,1791,37239.26563,0.215696067,-2.241050243,0.780989088,7868,0.521545649,2151,-7.921207041,49,0.28,34.2,30735.112,313733.1972,396900,3.9,0.694666667,0.6876,5.2,72715,9,2,7,3316.091252,1.541650977,169.4777744
"3434","Lom","Innlandet",0,3,1887.24,271,0.302656,193,0.198099415,822500,1e-04,0.0049,0.2964,2078,53636.63672,0.652303636,-2.851769686,0.616650594,10270,0.592543483,2211,-13.20607713,48,0.38,34.5,16120.84686,507550.0805,403600,4.8,0.700333333,0.666,3.6,74782,22,1,4,25234.80722,11.41330042,192.5654654
"3435","Vågå","Innlandet",0,3,1251.96,1072,2.712699,493,0.550590652,2350000,8e-04,0.0152,0.1229,1984,75906,1.087620735,-1.873597264,0.284282245,16120,1.342561245,3591,-6.495547407,46,0.51,27.3,39886.34514,1642161.497,398800,4.5,0.685,0.6671,6.7,70679,15,3,1,27281.03201,7.597057089,198.4892068
"3436","Nord-Fron","Innlandet",0,3,1091.82,2515,4.017419,947.5,0.759818731,1752500,0.0031,0.0518,0.0272,1618,102165.0625,1.63322103,-0.923118174,0.199153707,17617,2.099283218,5628,-3.863598186,48,0.61,22.8,60872.65148,1537457.191,392200,3.5,0.66,0.6691,6.2,70161,51,0,2,11791.22154,2.095099776,146.2377241
"3437","Sel","Innlandet",0,3,888.48,2079,3.668017,839,0.664641944,1250000,0.0028,0.0263,0.1145,1856,100914.9844,1.613916159,-1.328444242,0.286793175,8525,2.137656927,5531,-8.512673362,48,0.53,20.1,46990.05986,1736258.19,377500,3.6,0.640666667,0.6072,3.5,72017,16,0,4,21843.84135,3.949347559,130.3464551
"3438","Sør-Fron","Innlandet",0,3,711.55,1924,2.142759,948,1.16464891,1450000,0.0031,0.0674,0.0118,1386,113817.6641,1.567396522,-0.885997355,0.378267469,20288,2.181775808,3064,-6.110776641,47,0.38,32,116248.7878,1739115.181,405900,3.9,0.661,0.6057,0.3,68458,7,11,2,8838.234796,2.884541382,161.9474589
"3439","Ringebu","Innlandet",0,3,1221.33,4369,3.028441,1075,1.738559491,2700000,0.0039,0.0982,0.0221,1239,143334.3906,1.499951124,-0.840215504,0.067344616,24023,1.989077926,4385,-7.575757576,47,0.48,28,158942.9436,1865870.411,394800,3.8,0.668,0.7603,0.7,68192,15,0,4,19972.36469,4.554701184,128.399178
"3440","Øyer","Innlandet",0,3,616.48,3542,5.217953,472,1.443357783,3625000,0.0051,0.1788,7e-04,1102,149423.9063,1.047480583,-0.216732726,0.021396013,8220,2.712288857,5082,4.959868286,44,0.6,19.1,182111.8043,2036411.28,422600,5.6,0.676666667,0.7055,1.7,68009,18,18,2,28829.99486,5.672962389,90.71820499
"3441","Gausdal","Innlandet",0,3,1146.42,3100,5.1465,527,0.949754902,2015000,0.0024,0.1279,0.0014,1361,115923.2422,1.323451638,-0.378379017,0.427211905,23598,2.270935535,6079,-1.293242806,47,0.46,27.2,158376.0377,1912544.563,423000,4.2,0.707333333,0.6697,-0.4,63601,14,11,5,22613.41545,3.719923582,91.21975504
"3448","Nordre Land","Innlandet",0,3,920.49,2672,5.006441,799,0.724708435,1490000,0.0027,0.0979,0.0017,1270,115240.2109,0.93421334,0.280845374,0.080478875,13152,3.120671034,6577,-4.561151079,47,0.45,20.6,209462.9614,2121247.83,384900,3,0.647333333,0.6757,1.7,67163,5,2,0,14236.51932,2.164591656,96.20898659
"3449","Sør-Aurdal","Innlandet",0,3,1068.24,3567,13.402006,1476,1.95131291,1450000,0.0033,0.0983,0.0045,1088,98957.86719,0.973446846,0.191689044,0.160374444,4767,2.847078085,2889,-12.83564473,49,0.22,39.2,166532.3832,2220440.245,380600,3.9,0.682333333,0.6748,2.4,78649,8,0,2,5665.840351,1.961176999,139.1066642
"3450","Etnedal","Innlandet",0,3,442.75,2506,3.418858,722,2.844494892,1225000,0.0056,0.1051,0.003,1018,107857.875,1.030465245,-0.169446319,0.036657256,2977,3.718096733,1256,-8.708065667,49,0.18,33.5,150755.7029,2087725.502,380500,4.2,0.682,0.5796,2.8,90924,6,1,0,4270.546989,3.400117029,88.64540895
"3451","Nord-Aurdal","Innlandet",0,3,849.13,4806,5.669621,1659,1.336484983,2027750,0.0054,0.1399,0.0018,1002,90478.64844,1.55960989,-0.458120793,0.092577108,11891,3.469272137,6354,-2.240853659,46,0.56,22.8,83682.11386,2021274.107,412000,4.8,0.699666667,0.672,0.9,67652,14,0,2,18273.86571,2.875962498,300.1403544
"3452","Vestre Slidre","Innlandet",0,3,415.17,2740,5.829324,828,2.149019608,1543750,0.0072,0.0878,0.0121,1287,67248.41406,1.40021193,-0.614949822,0.005973457,4632,3.866542101,2111,-6.879929886,47,0.27,45.4,36918.51714,1786338.331,418800,5,0.719666667,0.5964,1.3,74237,13,2,1,11201.65543,5.306326589,150.4258318
"3453","Øystre Slidre","Innlandet",0,3,885.51,3605,9.816701,1356,2.036723164,2582500,0.0036,0.1212,0.0231,1588,75209.64063,1.221512556,-1.063837886,0.231265245,10445,2.080132961,3252,5.522875817,45,0.31,31.9,20368.67438,1641084.827,428700,5.7,0.742333333,0.7036,1.7,68910,20,9,3,24559.54905,7.552136854,148.506887
"3454","Vang","Innlandet",0,3,1310.01,1818,8.018424,433,1.986885246,1650000,0.0013,0.0194,0.1373,1813,42790.48438,0.477374107,-2.024456501,0.055657338,9383,1.025893092,1587,-5.791044776,45,0,46.4,23959.31352,1636543.506,411500,7.5,0.712666667,0.6411,1.8,84112,19,5,6,16786.45575,10.57747684,220.304557
"3815","Drangedal","Vestfold og Telemark",0,3,995.28,1412,11.582086,276,0.643866849,1600000,0.0014,0.0246,0.0226,786,28150.12109,-0.414220184,2.319792986,0.086728491,2103,2.151396751,4093,-2.754491018,46,0.39,22.8,378802.6299,2367395.377,382200,3.4,0.630333333,0.58,-0.6,71027,7,7,1,5543.601807,1.35441041,70.13190537
"3818","Tinn","Vestfold og Telemark",0,3,1848.01,3557,13.644296,1244,0.949039488,3900000,0.0016,0.0446,0.0096,1667,81549.89063,0.799502611,-1.034725904,0.193575792,3731,1.296421289,5512,-13.24695122,48,0.67,16.7,445281.0071,2170562.161,417000,3.9,0.656333333,0.6754,4.5,72972,82,14,9,27797.89615,5.043159679,204.9631736
"3819","Hjartdal","Vestfold og Telemark",0,3,737.12,2476,8.433016,665,2.628450106,1480000,0.0027,0.0404,0.0131,1573,75194.375,0.029934334,-0.082602642,0.302104106,4297,1.985497236,1562,-6.757557795,48,0,46.9,293997.3531,2400454.229,409800,3.6,0.673,0.7052,1.5,82474,23,0,0,6611.450775,4.232682954,118.9609608
"3820","Seljord","Vestfold og Telemark",0,3,669.27,1399,7.483129,587,0.823425544,1e+06,0.0018,0.0316,0.0299,1415,73160.03906,-0.128142789,0.120730653,0.193058212,4611,2.179510117,2889,-1.366120219,46,0.49,26.4,190575.2524,2340014.566,405300,6.4,0.667333333,0.6988,1.8,72568,127,0,0,3747.810784,1.297269223,221.664009
"3821","Kviteseid","Vestfold og Telemark",0,3,623.06,1227,4.986227,271,0.800391389,2037530,0.0015,0.0171,0.0398,1064,64931.89063,-0.099155046,1.043321133,0.026514726,3982,2.338396788,2452,-9.898762655,49,0.32,28.4,171271.1804,2553021.603,406000,7.3,0.676333333,0.6783,-1.9,73039,22,5,1,4771.74604,1.946062822,128.5743514
"3822","Nissedal","Vestfold og Telemark",0,3,785.9,2430,7.456928,298,2.970660147,2205000,0.0024,0.0271,0.04,883,45694.21484,-0.350277752,1.58992672,0.048592732,1020,1.61124301,1414,0.0691085,47,0.38,27.1,239975.0617,2207413.402,416000,4,0.676333333,0.5599,-2.8,86739,12,0,1,6421.076788,4.541072693,150.9112889
"3823","Fyresdal","Vestfold og Telemark",0,3,1106.74,1323,9.930883,283,1.792682927,870000,9e-04,0.0344,0.019,985,69553.39844,-0.274528146,0.738881648,0.041798435,4044,1.261095285,1198,-4.87804878,48,0.3,32.2,31896.24288,2381700.354,414700,5.5,0.688666667,0.6,2.9,88856,94,0,6,1158.799017,0.967277978,139.8066835
"3824","Tokke","Vestfold og Telemark",0,3,904.64,1162,9.68622,321,0.805825243,873000,0.0012,0.0349,0.012,1450,73617.86719,-0.436904728,0.006674846,0.008743713,7604,2.044541597,2140,-12.1707901,48,0.25,28.1,31740.23013,2274984.045,431000,4.6,0.691666667,0.5521,3.6,81518,87,2,0,4931.726074,2.304544895,218.4355573
"3825","Vinje","Vestfold og Telemark",0,3,2724.84,5713,7.150154,1276,2.489324619,2992700,0.0015,0.0443,0.0181,1458,65931.17188,0.092897564,-1.288582325,0.310214103,8765,0.99314326,3755,-4.988369088,44,0.33,30.6,47274.80438,2467016.853,432000,6,0.726333333,0.6177,0.2,74610,480,20,2,16633.35134,4.429654152,182.8229442
"4220","Bygland","Agder",0,3,1150.35,853,20.921334,210,0.981588032,825000,5e-04,0.0376,0.0202,957,56804.12891,-0.936222374,0.897483289,0.28795584,3418,0.943099976,1134,-13.98963731,48,0.29,29.3,109197.2083,814521.4113,410100,5.5,0.632666667,0.5197,1.4,88510,113,0,3,2314.321381,2.040847779,193.0405205
"4221","Valle","Agder",0,3,1129.8,1441,5.167272,255,1.63193658,1690000,0.001,0.0404,0.0154,1199,47373.46875,-0.80259198,-0.329567403,0.428342568,6694,0.946373165,1169,-19.1104934,47,0,40.2,10292.23306,1267955.699,444200,5.9,0.722666667,0.5953,6.3,87382,678,3,6,3818.547184,3.266507428,221.1002418
"4222","Bykle","Agder",0,3,1253.92,2732,7.059666,276,4.089820359,2765000,0.0015,0.0202,0.03,1069,36344.33203,-0.875447214,-1.165539503,0.730375699,1221,0.680446446,935,11.17511521,41,0.44,13.8,9943.018773,1803778.716,459700,6.6,0.759,0.6626,18.3,101940,27,8,7,14444.74548,15.44892564,256.1380888
"4224","Åseral","Agder",0,3,796.96,2244,7.399511,229,4.56097561,1860000,0.002,0.0301,0.0129,858,49134.46875,-1.596675277,1.084558964,0.287874225,7534,1.366672516,912,6.150341686,40,0,36.2,197908.8621,806705.5527,421100,2.1,0.759,0.6937,8.3,91265,61,10,1,3677.075659,4.031881205,123.8731249
"4228","Sirdal","Agder",0,3,1372.87,4221,13.785154,892,3.648228176,3200000,0.0025,0.0176,0.0092,1331,24103.85742,-2.105540991,0.590409338,0.316259861,9695,1.210212708,1810,5.074971165,41,0.48,25.9,357329.6992,718259.1096,458400,5.4,0.752333333,0.6492,14.3,85690,53,0,9,15856.8724,8.760702981,160.6922377
"4618","Ullensvang","Vestland",1,3,2963.56,2315,2.77821,1005,0.346816479,2300000,6e-04,0.0102,0.2021,1715,16425.03906,-1.489183426,-0.881046295,0.481036321,15444,0.719900548,10881,-11.18971061,46,0.69,17.2,134760.0261,881534.0501,443100,5.3,0.698666667,0.624,0.3,74601,318,8,8,51223.65076,4.70762345,184.5580663
"4619","Eidfjord","Vestland",1,3,1388.66,1271,1.846112,285,2.04340836,2175000,9e-04,0.0564,0.041,1860,20902.00391,-0.003133316,-1.662445664,0.640771386,1411,0.386062324,937,-12.63259402,47,0.58,20.2,33567.35889,692949.1089,460800,4.3,0.729,0.5355,4.8,94869,69.2637362637363,2,5,13290.9883,14.18461932,141.1270295
"4620","Ulvik","Vestland",1,3,663.21,285,0.14197,146,0.38,2410000,3e-04,0.0076,0.2421,1838,11788.6416,-1.445508957,-1.217743278,0.265914779,5666,0.789671123,1051,-11.6202946,48,0.49,30.3,152830.4827,515408.4651,411300,7.7,0.688666667,0.4828,5.4,99214,44,1,5,4801.178807,4.568200577,181.6275193
"4621","Voss","Vestland",1,3,1957.87,3534,1.525719,1250,0.410596026,3e+06,0.0015,0.0261,0.1227,1572,12650.82324,-2.236725569,0.270676792,0.057608524,32827,1.676858425,15875,6.567366283,42,0.63,19.2,343784.9686,574768.2914,432600,7.1,0.710333333,0.6477,2.1,67763,138,22,8,49018.19811,3.087760511,197.6278277
"4628","Vaksdal","Vestland",1,3,682.27,760,0.01287,424,0.376797224,1e+06,9e-04,0.0088,0.0968,1256,7138.779785,-3.555897236,1.064475536,0.023729609,4140,1.369594336,3867,-5.128816794,43,0.73,8.3,399081.9493,562184.4396,406000,4.5,0.645666667,0.5945,4.1,77515,5,0,2,6594.552741,1.705340766,92.41646459
"4629","Modalen","Vestland",1,3,379.09,147,0.498264,22,0.777777778,1696034,3e-04,0.0056,0.156,1282,9297.586914,-3.731930017,0.61370182,0.028806584,475,0.744108379,378,9.604519774,40,0,21.6,329355.1022,487909.6899,428400,5,0.639666667,0.4848,6.4,140796,4,0,3,790.553717,2.09141195,122.8477743
"4639","Vik","Vestland",1,3,794.92,356,2.146879,134,0.232375979,1950000,4e-04,0.0134,0.1225,1640,4749.957031,-2.007119179,0.216446027,0.362959329,14078,1.157249451,2560,-11.12984823,47,0.46,33.1,29958.59629,493677.6727,432300,6,0.736333333,0.6485,2.8,81845,22,0,6,5638.04715,2.202362168,146.1610026
"4640","Sogndal","Vestland",1,3,1229.16,812,2.439186,420,0.120153892,2200000,5e-04,0.0114,0.1231,1737,3728.825439,-1.782777071,0.238930851,0.113824776,20764,1.507501006,12097,14.33121019,37,0.76,14,43920.56805,515139.5511,454200,12,0.714666667,0.556,2.9,66312,10,3,1,37603.99227,3.108538668,224.2975252
"4642","Lærdal","Vestland",1,3,1275.42,486,0.218875,153,0.368181818,1250000,4e-04,0.0042,0.1768,1910,17103.66602,-0.202563018,-1.519173265,0.034247273,9363,0.741988122,2117,-3.451407811,47,0.53,26.7,32807.04277,1865881.362,435900,7,0.690333333,0.5105,5.3,75742,8,0,2,6301.098618,2.976428256,149.2496924
"4643","Årdal","Vestland",1,3,930.04,532,2.179191,306,0.182566918,662500,4e-04,0.006,0.1955,2143,11616.11133,-0.742316246,-1.124319196,0.323022171,1397,0.667984068,5204,-10.41918234,47,0.94,2.3,26135.04229,793133.7889,478100,4.7,0.673,0.7281,-1.3,71557,4,0,2,17468.40282,3.356726139,119.3677609
"4644","Luster","Vestland",1,3,2596.72,672,2.000397,329,0.242950108,560000,3e-04,0.0049,0.2499,2350,15275.22461,-1.387432218,-1.494500518,0.534481696,23655,0.684590042,5246,3.41794923,43,0.45,28.8,30960.78428,293076.8701,427900,5.8,0.725666667,0.6361,4.4,70790,20,2,18,25244.13813,4.812073605,103.3705977
"4651","Stryn","Vestland",1,3,1325.85,1267,2.003271,500,0.319546028,1495000,7e-04,0.0097,0.1938,2058,10392.90332,-1.805377007,-0.514974117,0.361689771,13663,1.139775634,7207,6.96069607,42,0.53,28.1,71376.66127,238556.9084,419300,5.2,0.732,0.7499,0.6,67414,16,6,4,25130.71104,3.486986408,151.5338869
"5021","Oppdal","Trøndelag",0,3,2201.46,4142,19.801051,846,1.159574468,2585000,0.0015,0.0515,0.0939,1716,53059.75391,0.662369788,-1.826936483,0.590381532,46114,1.061827779,7066,11.33905852,44,0.62,21.3,208977.1523,464359.892,421000,5.6,0.701666667,0.7302,1.9,62658,196,18,7,36757.20708,5.201982321,224.6070864
"5022","Rennebu","Trøndelag",0,3,923.86,2117,26.99266,680,1.583395662,1500000,0.0021,0.1423,0.0069,1367,53785.71094,0.43070069,-0.302995324,0.174748874,18332,1.978757143,2443,-7.925925926,48,0.39,36.6,257254.8327,436500.8163,396400,3.2,0.673666667,0.655,7,75565,29,3,4,7266.164135,2.97427922,106.3482715
"5025","Røros - Rossen","Trøndelag",0,3,1756.45,3418,7.546123,1171,1.080619665,1050000,0.002,0.092,0.0099,940,104920.5625,1.575275421,-0.834281027,0.285775285,4060,1.325955868,5572,0.649233544,47,0.69,14.2,21999.23531,358011.9801,434700,6.9,0.708,0.7257,0.5,64474,69.2637362637363,0,3,15065.1294,2.703720281,377.6698783
"5026","Holtålen","Trøndelag",0,3,1170.47,1143,6.561322,484,0.877206447,670000,8e-04,0.1604,7e-04,1083,67347.1875,0.324739307,-0.642035663,0.261415574,7020,1.191767573,1953,-11.52300134,49,0.29,40.4,135245.5811,348811.1392,410000,2.8,0.682,0.5603,-0.7,76628,83,1,1,2918.490832,1.494362945,133.1895024
"5032","Selbu","Trøndelag",0,3,1139.94,1666,21.386245,580,0.738147984,890000,0.0013,0.1222,0.0041,1278,30496.45703,-0.256222785,0.641088963,0.21711669,6120,1.769533992,4090,3.464085583,45,0.31,31.9,260931.7249,355571.443,433300,4.3,0.715,0.6571,2,43675,108,0,2,4989.030336,1.219811818,127.0423897
"5033","Tydal","Trøndelag",0,3,1217.38,1575,10.367857,282,3.336864407,1290000,0.0013,0.1594,0.0195,1465,67005.39063,0.371747434,-0.698690832,0.326917864,979,0.905706763,750,-18.96733404,53,0,36.7,70313.45252,332941.3082,411800,2.9,0.722,0.5612,10.3,95049,30,2,5,4886.825478,6.515767303,183.1299089
"5034","Meråker","Trøndelag",0,3,1188.06,1231,3.392224,505,0.839127471,1615000,0.001,0.1718,0.006,1363,41997.08203,-0.248076633,0.075040713,0.215755097,5290,0.749918461,2399,-8.153204399,47,0.43,18.1,258210.4452,349302.6862,374400,3.5,0.603666667,0.5805,5.5,74602,58,4,3,7560.023448,3.151322821,165.3599828
"5042","Lierne","Trøndelag",0,3,2630.44,1078,3.116228,268,1.256410256,725000,3e-04,0.1404,0.0178,1138,80231.67188,0.628226459,-0.414434761,0.386937596,1488,0.6898399,1309,-13.41853035,48,0.17,41.8,9522.193985,211239.107,402400,3.1,0.722333333,0.6567,1.6,98346,199,1,0,1386.017087,1.058836583,77.29059923
"5043","Raarvihke - Røyrvik","Trøndelag",0,3,1329.64,415,3.667892,134,1.35620915,1530000,2e-04,0.0736,0.0357,1266,50900.64844,0.072969414,-0.871955693,0.348565756,429,0.456948906,441,-22.5210084,49,0.51,29.7,4359.833005,129993.5616,395100,3.5,0.704666667,0.5879,-0.9,127814,40,2,0,285.2701652,0.646871123,182.0384739
"5057","Ørland","Trøndelag",1,3,429.07,1348,0.873557,277,0.239261626,1700000,0.0027,0.0506,0.0163,485,681.1583252,-0.577289701,1.387699604,0.113568565,6007,3.886441231,10371,6.061851433,42,0.52,15.2,83937.90151,347719.2027,427000,4.4,0.670333333,0.5793,2.1,66498,7,0,0,16406.26681,1.581936825,171.7799742
"5061","Rindal","Trøndelag",0,3,611.94,942,16.722478,322,0.953441296,8e+05,0.0016,0.1089,0.0273,1568,23922.63477,-0.989358425,0.354887515,0.258620126,3696,1.708724856,1980,-6.314312442,46,0.36,35.1,262492.2994,423773.2603,409200,3.5,0.702666667,0.661,1.5,74359,52,0,0,3304.646554,1.669013411,133.3070737
"5416","Bardu","Troms og Finnmark",0,3,2513.6,606,0.457166,189,0.229632437,875000,2e-04,0.0309,0.0976,1612,42972.98828,0.868850648,-2.26303339,0.224481027,3946,0.571144462,3993,2.982771921,38,0.63,12.6,37676.157,145184.8189,478200,6.8,0.740333333,0.3682,0.5,69623,85,1,4,18175.47851,4.55183534,86.67183597
"5418","Målselv","Troms og Finnmark",1,3,3202.56,1003,5.555425,283,0.225596041,1250000,3e-04,0.0285,0.0992,1702,35707.81641,1.08756125,-1.915320039,0.257808572,7289,0.726378739,6599,-5.869010491,41,0.56,17.5,20045.58833,138045.5483,454200,5.7,0.706,0.466,0.3,69060,69.2637362637363,4,4,26015.80885,3.942386551,185.4868889
"5425","Storfjord - Omasvuotna - Omasvuono","Troms og Finnmark",1,3,1476.62,320,0.057374,55,0.317775571,1870000,2e-04,0.0056,0.2811,1568,16642.37695,0.919849098,-2.340270996,0.094147445,2659,0.54392457,1836,-2.297008547,48,0.29,15.5,83319.50947,135242.1069,405200,3.6,0.617666667,0.6195,-0.8,87074,17,0,2,1736.266187,0.945678751,137.4217905
"5426","Gáivuotna - Kåfjord - Kaivuono","Troms og Finnmark",1,3,949.55,131,0.004625,7,0.099771516,1696034,1e-04,0.0036,0.4026,1371,8658.59082,0.795011997,-2.354640722,0,5856,0.655880928,2012,-12.57914732,49,0.26,20.6,8433.140475,115886.8695,370700,4.1,0.618333333,0.5346,0.4,85105,15,0,0,948.0393361,0.471192513,221.3432302
"5428","Nordreisa - Ráisa - Raisi","Troms og Finnmark",1,3,3334.74,451,0.010701,38,0.177279874,1087500,2e-04,0.0278,0.1671,1356,25261.68555,1.352587342,-1.910293221,0.278719251,7485,0.429005772,4746,0.829703381,44,0.55,15.4,6780.853713,100964.2345,418000,4.6,0.658,0.593,1,72266,42,0,1,4283.160037,0.902477884,151.3584438
"5430","Guovdageaidnu - Kautokeino","Troms og Finnmark",0,3,8968.86,437,6.476975,86,0.32014652,8e+05,0,0.16,7e-04,756,86703.38281,3.483317137,-1.650171757,0.126842148,268,0.182168722,2877,-5.149934811,41,0.52,5.8,10158.78068,31778.89883,377600,7.4,0.683,0.5375,6.4,88789,966,0,0,1242.919001,0.432019118,212.4572411
"5437","Kárášjohka - Karasjok","Troms og Finnmark",0,3,5209.56,321,2.518972,42,0.248837209,7e+05,0,0.1017,0.0013,905,74355.75781,3.471697569,-1.336222887,0.052487201,910,0.2236467,2584,-9.410548087,43,0.68,14.2,4737.94379,41575.31989,414900,6.9,0.676,0.4117,3.3,83506,463,0,0,857.2036514,0.331735159,182.4018109
