"region","municipality","county","dummy_coast","land_area","holiday_homes","future_hh_area","holiday_homes_1970","hh_dwelling_ratio","median_hh_price","prop_hh_area","prop_wetlands","prop_montainous","altitudinal_range","dist_to_coast","veg_sections","veg_zones","prop_protected","grazing_livestock","infrastructure_index","population","population_change","median_age","urban_settlement_ratio","prop_farm_residents","pop_2hr_drive","pop_4hr_drive","median_income","education","employment_rate","prop_private_sector","municipal_economy","unrestricted_revenues","off_road_motor","ski_lifts","hiker_cabins","activity_data","activity_pr_person","culture_index"
"1134","Suldal","Rogaland",1,0.13710137024953,1913,6.457153,-0.24182034069335,-0.311921393991442,-0.116844868241316,-0.556310041451369,-0.998417267277572,-0.188487219789972,0.667934796641519,-1.16258854160341,-1.9086279319658,1.05918312032688,0.199150643097533,1.91852783590835,-0.259467289733579,-0.143240093450467,-0.166004532471288,-0.899517635062115,-0.532521501130412,0.29780878196323,-0.0426227635386738,-0.683157898738847,1.06941616801587,-0.251847485837653,0.722835191412151,0.711237433877457,0.826933709866732,-0.00573625768707801,-0.386037769493542,-0.486288959204256,1.21913368093159,-0.36870900155984,-0.580508791490829,1.0143925677511
"1135","Sauda","Rogaland",1,-0.809916430152697,1285,7.146509,-0.221331810616739,-0.681602783089533,0.0656606010320393,-0.0819181819280039,-0.8836702590715,0.016216343010805,0.53533210471719,-1.20080000739612,-2.39591179814006,0.99749155974826,-1.18675269031813,-0.173182916102662,-0.178609472134101,-0.01213017970183,-0.520453993597311,-0.594968906960805,2.12551892475209,-1.6928762379762,-0.391157313417161,-0.374813597928364,0.998527761434406,-0.200309076288598,-0.341563565460982,-0.184672890032646,0.294797247826094,-0.36239017839843,-0.400533101461321,0.359052063068376,-0.643165012774932,-0.2310618085837,-0.462808025502913,-1.03714708433559
"1525","Stranda","Møre og Romsdal",1,-0.512925079851679,902,3.378503,-0.593850539282399,-0.826597331404754,0.841308845443799,-0.61560902389179,-0.898825524306265,1.49439154386694,1.00209358029083,-1.29751994812138,-1.89521186613049,0.45051457599448,0.393263985883729,0.16769973828109,-0.537188799201149,-0.0223924941382955,0.0880499452120556,-0.594968906960805,1.23950544945792,-0.810129034564146,-0.162812975282948,-1.09123459784843,0.490494180933929,-0.200309076288598,1.16483128009335,1.88110380724767,-1.16157622723249,-0.69968244723144,-0.465762095316327,0.528120267522902,-0.643165012774932,-0.071096299074861,-0.158846268486425,-0.925847636070613
"1539","Rauma","Møre og Romsdal",1,-0.0325538594902612,1134,3.175839,-0.217606623330082,-0.865494789184901,-1.10237440231743,-0.61560902389179,-0.898825524306265,1.82407201869346,1.55372077869604,-1.1182654616623,-1.26587584668484,0.172859904995154,1.59914554347689,0.27130878911127,-0.42464860469085,0.429149341066187,0.476830882043767,-0.290420178859496,1.06230275439909,-0.702037540268792,-0.213791856122589,-1.10238033191476,0.250261247518974,-0.251847485837653,0.127493508793773,1.1419160882089,-2.33787788016443,-0.703370380922553,-0.27007511375131,-0.486288959204256,0.598367449696081,1.05201018099399,0.703418261633671,-0.0704210646967771
"1563","Sunndal","Møre og Romsdal",1,0.194748383252136,880,7.808873,-0.301423337279856,-0.96414047202013,-0.84990850315596,-0.852804953653473,-0.983262002042808,1.88225092601578,1.56698104788847,-1.00562373634418,-1.02315652010489,-0.524991043580262,2.28785125940049,-0.419333672114143,-0.790138067736495,0.413755869411489,-0.0296534154845107,0.0141285492418138,1.06230275439909,-1.25150263627017,-0.41715425249136,-0.893681037373459,0.734665359158964,0.160459790554791,-0.900823943001604,1.12463958058529,-0.797482858467847,-0.688464982254306,-0.313561109654647,-0.486288959204256,2.15028302778485,0.191958592689424,-0.282463003152953,0.529702595163834
"1578","Fjord","Møre og Romsdal",1,-0.249161806116344,998,0.13129,-0.750308405321977,-0.534083480605569,-1.02937221460809,-0.734206988772631,-0.998417267277572,2.3207475052785,1.5616769402115,-1.22634815898552,-1.61989578280353,0.109849898196106,1.29755479565861,-0.000839341955519608,-0.79164650065609,-0.372018930801328,-1.08379431601358,0.623226005444433,-0.886926891248079,0.541014644127776,-0.152620787967671,-1.09484901669714,-0.494067021586376,-0.045693847641431,0.740875857481523,0.700131107547993,-0.54541821855386,0.759586815170693,-0.400533101461321,0.0209156541593228,0.908750565313834,-0.278662564251183,0.127734684551267,0.525782084408329
"1806","Narvik","Nordland",1,1.55724927782733,3615,15.008466,1.95417756479072,-0.891828874043571,-1.09629088667499,-0.497011059010949,-0.872845069618097,1.50301064124803,1.2248661027237,-1.24626282226856,-0.681978059339727,-0.449882149913726,-1.07473807027696,-0.667513491544576,-0.621275542374413,2.99667425119638,0.407488508000042,-0.899517635062115,1.81541420839913,-1.99913547181304,-0.460043554298791,-1.25427740070836,0.880380417131969,1.03661275288874,-1.18045411824142,-0.338927422386315,-1.32961932050848,-0.741863188823541,0.976523435477681,0.697188471977428,3.08143237463811,0.668650748106097,-0.843943800371351,-0.266701710062724
"1826","Aarborte - Hattfjelldal","Nordland",0,0.867009103038335,665,9.707993,-0.875102179424973,-0.33724596911231,-1.09020737103254,-0.971402918534314,-0.0522957090501509,-0.20895757607005,0.392121197438914,-0.245269368213917,-0.0765377845619861,-0.842015177012865,0.480521319160986,0.508455576201157,-1.02111421014147,-0.587527533967104,-1.59334909659704,1.23232346164705,-0.133815437248036,1.20757885894912,-0.500026769108057,-1.32348174249872,-1.4116780623353,-1.33415408636782,-0.116055361368287,-0.851052469800492,1.27504862526937,1.16971577440318,-0.233836783831863,-0.655357163658783,-0.953548128392685,-0.708355828283067,-1.18583770298881,-0.861606204788947
"1839","Beiarn","Nordland",1,-0.218620517289932,587,0.196245,-0.895590709501584,-0.316363265915107,-1.21187768388145,-0.793505971213052,-0.952951471573279,0.48272498876205,0.500855404816864,-1.01841976548064,-1.10227532955072,-0.419005592677026,0.390282098888374,-0.584448707831273,-0.932695964608909,-0.633707948931199,-1.76810939264596,2.45051837405229,-1.90584238783637,1.1895636098999,-0.395458072792835,-1.28786952698026,-2.47500416105723,-1.38569249591688,-1.79383646692917,-0.788116620600196,-0.237339214214544,1.40743383357615,-0.0743881321862943,-0.655357163658783,-0.0223987815394255,-0.671773549210965,-0.841706903405757,-0.705705436540962
"1840","Saltdal","Nordland",1,0.578774038025304,1324,0.053381,-0.213881436043426,-0.66054596195142,-0.907701901759189,-0.793505971213052,-0.768923250865429,0.438552114683987,0.890707319074393,-0.797965104205495,-0.182136242477314,-0.959261516369899,2.12801060947144,-0.28731773341865,-0.917320489289722,0.00414797423187391,-0.0213022384920524,0.0141285492418138,0.574995342987298,-0.909212904334886,-0.33256620960509,-1.26785961806474,0.372346836631492,-0.715693171779153,-0.810620666776725,-0.44135243186915,-0.601432582979191,-0.430386455828319,0.722855126041549,-0.655357163658783,1.52951679654934,-0.499078382146849,-0.954514542253055,-1.00396611422436
"3006","Kongsberg","Viken",0,-0.592401142093352,2544,7.35109,1.09552189521637,-1.01578484212832,-0.469688775503136,0.570370624916624,-0.34024574851067,-0.541870212414472,-1.43779595111683,-0.703692405668178,-0.116248397949316,1.99026812034814,-0.521136010336139,-0.811323361362721,1.77786439946933,4.12004380907775,2.77049712794078,-1.20406636316342,1.85971488216384,-1.80096773227155,4.53159525297681,1.50778493402326,1.64833815509781,3.30430277304718,-0.720417363490859,1.47263780557516,-0.4333894897032,-1.21822129059226,-0.429523765396879,0.359052063068376,1.21913368093159,2.89530535817098,-0.313863023261197,0.669289685225666
"3038","Hole","Viken",0,-1.13837402899365,1000,0.010795,1.55744511876179,-0.853001118932446,0.369836383154298,1.99354620348672,-0.972436812589405,-0.769198905840598,-2.37662300994109,-0.895314823094929,0.462389990729652,2.21364192213495,-0.663970939309447,-1.07966699851898,3.31161433851975,0.400839508138007,3.95901226572822,-0.899517635062115,0.973701406869673,-1.39562462866398,5.80425655574541,1.46158912970965,2.52262850293584,3.9743020971849,0.181615479940899,0.450855783264466,0.518854705527415,-0.922879267495653,-0.436771431380769,-0.655357163658783,0.598367449696081,0.740879710111306,0.381954418157329,-1.31088701497199
"3039","Flå","Viken",0,-0.666045553569787,2410,11.597039,-0.543560510912535,2.27024661309931,-0.116844868241316,1.10406146688041,0.170703193689951,-0.697013965274008,-0.188678593189649,0.443172482866579,0.330412534700611,0.606756899012757,-0.350629586440169,-0.961854503756141,0.364181398025044,-0.625745808420148,-0.0502903606275665,0.318677277343123,-1.90584238783637,-0.0624961990212826,0.922827620509744,1.30579957654932,0.0297195381544262,-0.148770666739542,0.425164350102962,1.2850642942331,0.378818794464089,0.860928159724393,-0.349799439574095,-0.655357163658783,-0.0223987815394255,-0.411432966839848,1.14449549730787,-1.8937800949341
"3040","Nesbyen","Viken",0,-0.577328703333044,3751,8.498979,0.84407175336705,0.795894820095688,1.09985826024772,1.57845332640378,0.772583727299157,-0.75627025976897,-0.586486668962638,0.849745573494506,0.802528106986586,0.11660630473829,-1.03920347537492,0.0592716618309009,0.760841097102937,-0.233654622364844,-0.29371744799529,0.927774733545743,0.973701406869673,-0.2156258159397,-0.449867032371984,1.11364987863526,0.0494107622048323,-0.148770666739542,0.0102292469953321,0.46196210959393,-1.04954749838183,-0.243607980763843,-0.465762095316327,0.528120267522902,-0.953548128392685,-0.101502012926028,0.20973662851791,-0.228170843065421
"3041","Gol","Viken",0,-0.804128825088102,2667,4.468795,0.411950028114884,-0.228094199216655,0.801765993767906,2.29004111568882,1.19693115387255,-0.769198905840598,-0.769478383818212,0.599168949550623,0.833824410936926,0.178777919259079,-1.04125308442633,-0.548432832144894,1.39687883546081,0.0129947970219304,0.889243213976809,-0.290420178859496,0.885100059340256,-0.476846927153472,-0.448545217964198,0.899904592466528,0.368408591821411,-0.045693847641431,1.01148571321715,1.34059592588042,-0.0692961209385529,-0.674020575297448,-0.451266763348548,0.189983858613849,-0.643165012774932,-0.158846865471455,-0.3644094105292,-0.426781579227766
"3042","Hemsedal","Viken",0,-0.629980933882643,2265,2.609951,0.678300919110831,0.45625614649922,3.10741842225463,0.748267572237886,-0.296944990697058,1.04188893135996,-0.101160816519592,-0.166574634702037,0.178710583797012,-1.18174164826403,-0.956691219377613,-0.467270295386858,0.145271294719242,-0.350786556105192,3.0235938483481,-1.81316381936604,0.707897364281423,0.0636105443232966,-0.46515407684845,0.89171536373319,1.11273686092676,1.80968889612457,1.59780704927035,1.05676758634967,1.52711326518336,-0.59119573115121,-0.371542437525763,3.0641433343408,-0.643165012774932,0.0607867196388236,1.11900316154248,-0.0364656773738529
"3043","Ål","Viken",0,-0.304289405042124,3073,10.118697,0.508804897567956,0.0278737228272221,-0.360185493939123,0.451772660035782,0.67732206010921,0.604469739269881,0.349688336023129,0.0681791445766258,0.540758475885359,-0.784747008063619,-0.742702122887521,1.49508766366603,0.438049592326861,0.00998687727331119,0.174525483670908,0.0141285492418138,0.707897364281423,0.153686789569425,-0.495831780721464,0.68243958030968,0.919762865232782,0.211998200103847,0.614591249117901,-0.0970563156557628,-0.629439765191856,-0.516745569761873,0,1.03532488088648,-0.953548128392685,-0.188965473329352,-0.413539198058866,2.59795638026843
"3044","Hol","Viken",0,0.199461273221022,5832,17.772791,3.14810009016416,0.939989780209099,1.82988013734114,1.16336044932083,-0.231993853976641,0.101329929649023,0.240954128645178,-0.278825926533695,0.402153614226109,-1.16548669366749,0.263058285321276,0.476878276743734,-0.1221772147532,-0.0158458452736537,-0.0125846325050933,0.0141285492418138,0.929400733104965,-0.936235777908725,-0.483447337971678,1.00661629149278,0.651962218147259,0.315075019201958,0.78597748206347,0.964214866937472,-0.461396671915865,-0.680704955112589,-0.0671404662024048,-0.655357163658783,0.287984334078328,1.22008878736877,2.16944944935966,0.103260362140698
"3045","Sigdal","Viken",0,-0.542303562181094,5050,26.983523,1.31530794512911,1.35437936875846,0.187330913880943,2.11214416836756,-0.147557376240097,-0.776740616049048,-0.0242512552034806,-0.0627814913984456,0.230783833874438,1.17245762893513,-0.620893335188779,-0.627059039629242,1.32332085152358,-0.194905538544397,0.164680924565665,0.623226005444433,-1.28563295513045,0.793228130816934,1.18860416955446,1.30057728349258,0.0218430485342638,-0.767231581328209,0.677733539769219,1.49361642197526,0.266790065613429,-0.51351862778215,-0.364294771541874,0.189983858613849,-0.0223987815394255,0.00838376923216818,0.366901394433036,-0.980094898267705
"3046","Krødsherad","Viken",0,-0.957680946672519,1763,0.972357,-0.180354750463516,0.304019435687092,2.22530865410008,1.40055637908251,-0.565409689141453,-0.782127551912226,-0.186026539351163,-0.106396912002984,0.296667678884141,1.67594222178026,-0.983583166769327,-0.899460803623401,1.47808396094366,-0.425453740453269,0.226717253885664,-0.290420178859496,-0.0452140897186199,-0.377763057382731,3.45533394272101,1.35736099060514,0.329026143720599,-0.148770666739542,-0.332543245956788,1.92552911256553,1.61113481182136,0.157608472048453,-0.502000425235774,1.20439308534101,-0.953548128392685,-0.339138935326036,0.109974327720854,-0.551149748115275
"3050","Flesberg","Viken",0,-0.783242353842811,3605,13.885255,1.17375082823616,1.40827880486083,0.187330913880943,2.34934009812924,-0.355401013745434,-0.768121518667962,-0.777434545333672,-0.501845706815599,0.216073431783261,1.68703578299634,-1.15725292135189,-1.03198400817363,1.92402106113377,-0.331500482422869,1.17472012418214,-0.594968906960805,-0.355318806071579,0.396892651733971,3.32641701421134,1.34101520733139,0.805553765740426,-0.612616352681042,0.389083045025209,0.171963588769033,-1.6376983248478,-0.355244806871899,-0.407780767445211,0.0209156541593228,-0.953548128392685,-0.294914234954619,-0.0476787965728853,-1.92581075581614
"3051","Rollag","Viken",0,-0.878363448953163,2421,11.159153,-0.517484199905939,1.73323395734611,-0.23851518109022,1.69705129128462,0.0862667159534073,-0.737954677834164,-0.766826329979726,-0.0248368924492184,0.252632993620805,0.875489775378594,-0.458054439919265,-0.715196481889922,1.17177500346594,-0.570364697754394,-0.255743291707175,0.623226005444433,-0.754024869953954,1.38773134944138,0.133269022852127,1.1650816458329,-0.415302125384751,0.108921381005736,0.767936843055086,0.0177090564153658,0.826933709866732,0.826353781370212,-0.386037769493542,-0.486288959204256,-0.643165012774932,-0.472022597906214,0.207699949537267,-1.14193656574565
"3052","Nore og Uvdal","Viken",0,0.738977060406935,4095,12.98327,1.08062114606974,1.50825328908246,-0.0560097118168642,-0.200516146808845,0.298440429240106,-0.775663228876412,-0.546705861385339,0.238724867969866,0.786880578671031,-0.706036755127785,0.740583118519038,0.0980774997183369,-0.342870740560608,-0.378388643210168,-0.73323217097508,0.927774733545743,-1.0198289125422,1.21658648347374,-0.419411313574223,1.04113891301404,0.124237413596375,-0.354924304935764,1.31817687403053,0.110261775827566,-0.377375125277869,0.0792398811123091,-0.0236544702990679,-0.148152550295203,1.83989991216709,-0.282325487799374,0.137628968917571,-1.18809059303232
"3405","Lillehammer","Innlandet",0,-0.859934727803797,1735,3.255731,0.363522593388348,-1.08910727982354,0.844350603265022,0.926164519559148,0.781243878861879,-0.795056197983854,-1.13546181352936,1.65701021498243,0.551522797573237,1.02925590358074,-1.09978042164005,0.309100095289231,2.50907467482128,4.21665111394517,1.82832395143457,-1.20406636316342,1.94831622969326,-1.88203635299307,0.839994301995277,1.17230277516313,0.868565682701726,3.35584118259624,-0.197238318088975,-0.652372632128968,-1.13356904501983,-1.25348715651352,-0.42227609941299,-0.655357163658783,-0.332781897157179,6.43138103847146,0.680403098467205,2.41727800213876
"3411","Ringsaker","Innlandet",0,-0.268110266533307,7286,13.196985,5.51918179812109,-0.759900306505745,0.978187947398816,2.46793806301009,0.67515702221853,-0.79613358515649,-1.14076592120633,1.32730089423092,0.753956150394242,1.32303864134455,-0.93567426182178,1.75569549653754,2.85996828415436,5.39292467211108,1.3726575343278,-0.899517635062115,0.619296016752006,-1.15241876649943,1.2769787283226,1.11286962528689,0.309334919670193,0.0573829714566802,-0.42274652218167,1.17893717597378,-0.153317667576548,-1.3343912018623,-0.502000425235774,0.189983858613849,0.598367449696081,4.36341770860396,-0.19048574356752,-1.28075865125505
"3421","Trysil","Innlandet",0,1.33358520995811,6926,15.73603,0.702514636474099,0.577943750828879,2.0123856066145,0.27387571271452,0.828874712456852,-0.689472255065559,-1.30254120535402,2.66044525534199,0.778381002016772,0.770594417359431,-0.870601006258831,-1.04149524294996,0.29523479928942,0.355543775452917,-0.199105729136511,0.623226005444433,-0.000913415953911461,-0.2156258159397,-0.286473038913795,0.717714691834601,-1.0139153365171,-0.354924304935764,-1.04514919037361,0.2336654017105,-0.685454129617186,-0.591349395055006,0,5.09296178779511,-0.953548128392685,0.419806845893152,0.0535280714435128,-0.47196825046063
"3422","Åmot","Innlandet",0,-0.11767658055447,2106,6.484299,-0.403865987662912,-0.557495730612326,1.19536945583411,0.155277747833679,0.623196112842196,-0.793978810811218,-1.41923157424743,2.12778225735172,0.793397733007555,1.15755636130485,-0.781694414975975,-0.728131761185734,0.786713695384435,-0.0705192101162028,0.35653349890692,-0.899517635062115,0.309191300399047,-0.999289149581015,0.334683411086737,1.0212294870134,-1.52194891701757,-0.251847485837653,-1.75775516185141,-2.45406557001981,0.994976803142723,-0.393122959157702,-0.393285435477432,-0.31722075474973,-0.953548128392685,0.139274965700734,0.329171737834168,-0.482054971824997
"3423","Stor-Elvdal","Innlandet",0,0.616715004559873,2098,13.855084,0.493904148421329,-0.0889414008869286,-1.02937221460809,-0.497011059010949,0.486798725729318,-0.542947599587107,0.352340389861615,2.12280776073,0.916204959473855,0.143494120602534,-0.343738335645338,-0.112437829997819,-0.113388123145866,-0.402628937654923,-1.50251303576724,1.84142091784967,0.131988605340214,-0.242648689513539,-0.436235664605117,0.475385196199112,-2.01816776308781,0.572767066947236,-2.94843852708817,-1.24717810888471,-0.0412889387258878,0.162064725258547,-0.400533101461321,-0.655357163658783,-0.643165012774932,-0.437650123841299,-0.319416601953748,-0.198410533019566
"3424","Rendalen","Innlandet",0,1.43934774634401,2279,18.806353,0.171675448125533,0.780589059401301,-1.18146010566922,-0.61560902389179,0.822379598784811,-0.628061186225325,0.214433590260312,2.37622324324214,1.17116363008899,0.0553012601132303,-0.0480279450910466,-0.907323424371835,-0.545249250368237,-0.508083065312397,-1.64282754607978,2.45051837405229,-1.24133228136575,0.838266253439998,-0.472771805311369,0.557961923543598,-1.8094407881535,-0.612616352681042,-1.7757958008598,-0.182204817514988,-1.38563368493381,0.341928324652187,0.483682148573196,-0.486288959204256,-0.953548128392685,-0.584771844513435,-0.650278850191629,-0.188481303014796
"3425","Engerdal","Innlandet",0,0.430762865581877,1668,6.636621,-0.411316362236226,0.765039510860175,0.79568247812546,-0.61560902389179,0.590720544481987,-0.57203705324827,-1.09833305979055,2.45449963301883,1.00179649091133,0.0402982097722836,0.357454682071782,-1.00573300019095,-0.641946492329289,-0.591066263083126,-1.50822913684764,1.84142091784967,-1.90584238783637,1.63093721160593,-0.503920387588277,0.128064189369686,-1.38017210385465,-0.767231581328209,-1.1894744648066,-0.85352054231815,-1.35762650272115,1.08397131608481,0.302490498975959,-0.655357163658783,-0.643165012774932,-0.517598685746978,0.0589796412174358,0.247422032521981
"3426","Tolga","Innlandet",0,-0.290379772778812,710,7.390285,-0.551010885485848,-0.387061986169764,-1.51301170818248,-0.674908006332211,0.932796531209521,-0.687317480720287,-0.761522222302753,1.21269546466206,1.31559909980254,-0.914997456660355,-0.191263820943933,0.0214803556529403,-0.417635197628064,-0.53833919925439,-0.931003577715108,-0.899517635062115,-0.266717458542162,2.09032606236118,-0.513472082014181,-0.893681326157872,-0.159316212729472,1.13968957198685,0.497326987319459,0.227495220416354,-0.461396671915865,0.243660258174414,-0.436771431380769,-0.655357163658783,-0.332781897157179,-0.59884444374837,-0.644172665794684,1.64580383138197
"3427","Tynset","Innlandet",0,0.348494305919386,1859,6.821514,0.344896656955065,-0.593255172779228,-1.02937221460809,-0.497011059010949,0.837534864019575,-0.75627025976897,-0.358410038852791,0.900278620986193,1.32588156608736,-0.75256629034751,0.229168112815289,1.22217863381714,-0.10214694015037,0.174714717624163,0.593610564800383,-0.899517635062115,0.353491974163756,0.189717287667876,-0.392621709111884,-0.508046324184989,0.317211409290355,0.830459114692514,0.921282409931283,-0.542543405093156,0.238782883400764,-0.640368180366045,0,0.0209156541593228,-0.643165012774932,-0.132925076987483,-0.492343510627977,1.04722513076748
"3428","Alvdal","Innlandet",0,-0.447349840733188,752,4.979248,-0.469056765179403,-0.596315915378194,-1.05978979282032,-0.61560902389179,-0.234158891867321,-0.433054107978269,0.0738747368205232,1.37657175482046,1.36618567937187,-0.779737604993222,-1.14987430316072,1.06188262372002,-0.0271653582607087,-0.38015800776818,0.467695731696212,-0.899517635062115,-0.488220827365704,0.775212881767708,-0.496605367475105,0.371938100788071,0.939454089283188,-0.509539533582931,1.51662409254966,1.39119141249242,-0.209332032001879,-0.0995480709547558,-0.451266763348548,-0.655357163658783,-0.643165012774932,-0.526403485274602,-0.67043124506612,-0.131552175027773
"3429","Folldal","Innlandet",0,-0.146790788680022,537,3.337895,-0.575224602849116,-0.667427488721848,0.491506696003202,-0.793505971213052,-0.305605142259781,-0.354404844375865,0.591025235325408,0.763311111941453,1.47287150998821,-1.30722659464416,0.886748236253621,1.19034770143234,-0.437473269052523,-0.542054864826213,-1.03114108547412,1.53687218974836,-0.443920153600995,1.25261698157219,-0.488581054382654,-0.760296339396047,-0.880015012974335,-0.458001124033875,-0.206258637593169,-0.378416582668854,0.378818794464089,0.344386947112928,-0.161360123992968,-0.31722075474973,-0.643165012774932,-0.449077329705033,0.16431222727641,0.8146674990303
"3430","Os","Innlandet",0,-0.370208200625636,1146,9.928583,-0.551010885485848,-0.145031992232639,-0.26284924366,-0.437712076570528,1.27703755582774,-0.753038098251063,-1.15933029807574,1.09172006450177,1.09435582956372,-0.605163854874099,0.293021593257612,0.0985847655730746,-0.140225718940105,-0.484550516690846,-0.753245846881055,0.623226005444433,-0.31101813230687,1.88315069829508,-0.518676483894329,-0.924735312812639,0.167558106507269,-0.767231581328209,1.20993293173628,-0.105694569467569,1.83519226952268,0.262868246148959,-0.407780767445211,0.0209156541593228,-0.332781897157179,-0.61067810271402,-0.816290108764004,0.541810658248199
"3431","Dovre","Innlandet",0,-0.0684599146550874,659,5.196956,-0.102125817443728,-0.716518426629018,-0.834699714049847,-0.852804953653473,-0.606545409064384,0.513969216768484,1.23282226423916,0.464418219823116,0.814382032171372,-1.3702079268691,2.52120101869333,0.309480544680284,-0.56086261775066,-0.37078037561072,-0.606546711689053,1.23232346164705,0.131988605340214,0.0636105443232966,-0.439326108547059,0.499809289849462,-0.639782079559381,-0.303385895386709,-0.603153101692415,0.0868150869098097,0.574869069952745,-0.191285421521183,-0.378790103509653,-0.31722075474973,-0.0223987815394255,-0.206977479213779,0.357588879114383,-0.240149842533637
"3432","Lesja","Innlandet",0,0.653845530202597,2164,3.263443,-0.204568467826784,0.803078316000328,0.223832007735614,-0.61560902389179,-1.05687329032595,1.53317748208183,0.832362134627688,-0.23464694164924,0.641158136561666,-1.6457003739106,2.77235619648736,1.39718535370165,-0.94127595477537,-0.461371840980898,-0.974211938876555,0.166402913292469,-1.90584238783637,2.01826506616428,-0.424642553613679,-0.668740425486619,-0.308969515512559,-0.148770666739542,1.02050603272134,0.138644609780642,0.294797247826094,0.277235821153919,-0.458514429332437,0.359052063068376,-0.953548128392685,-0.478453334425858,-0.310214899342139,-0.153607941114468
"3433","Skjåk","Innlandet",0,0.47549567915572,719,1.012589,-0.657178723155562,-0.65529534494518,0.126495757456491,-0.912103936093894,-1.18244548798542,2.77863705364866,1.05513465706056,-0.554465516219729,-0.0221198779586075,-1.53496118474119,2.65117044408567,-0.117637305008881,-1.05753565236374,-0.432177325773712,-0.360978730360425,0.927774733545743,-0.665423522424537,0.721167134620032,-0.458167316621255,-1.02727288875626,-0.805188361582792,-0.664154762230098,0.145534174863145,0.690258817477358,0.714904981016071,-0.36239017839843,-0.436771431380769,-0.31722075474973,1.21913368093159,-0.58624664639388,-0.800794138782702,0.225474263236521
"3434","Lom","Innlandet",0,0.40551586997285,271,0.302656,-0.82294955741178,-0.997362487829588,-1.06283155064154,-1.03070190097473,-1.11099923759296,2.39508722019036,1.81627410870621,-0.183435247477809,0.282630551375218,-2.07308366654805,1.8419272773635,0.186975840761123,-0.989761387533297,-0.421561138425644,-0.873684622450699,0.623226005444433,-0.222416784777453,0.74819000819387,-0.501591373340646,-0.80167315106444,-0.541325959307351,-0.200309076288598,0.298879741739343,0.42370698557022,0.266790065613429,-0.203578533824892,-0.342551773590205,-0.486288959204256,0.287984334078328,0.417989359509377,2.88830990296055,0.633411957667806
"3435","Vågå","Innlandet",0,-0.154111184127022,1072,2.712699,-0.26417146441329,-0.636464413154123,0.79568247812546,-0.61560902389179,-0.888000334852862,0.525820475667477,1.56698104788847,0.320463078487921,0.586480237537221,-1.21118778719635,0.205263774392747,0.928852153315047,-0.273797257848398,-0.177388829420085,-0.222669920085512,0.0141285492418138,0.353491974163756,0.099641042421748,-0.430975825080838,0.518996305519182,-0.730361710191249,-0.354924304935764,-0.116055361368287,0.437281384417343,1.13501271420605,-0.518820032463124,-0.393285435477432,-0.148152550295203,-0.643165012774932,0.511739952075559,1.46215323299787,0.738078873433577
"3436","Nord-Fron","Innlandet",0,-0.295180754148986,2515,4.017419,0.582377346479423,-0.42224629096249,0.0687023588532619,0.748267572237886,-0.0955964668637629,-0.505239048544859,0.596329343002381,0.914638020483814,0.96730717676491,-0.373693299868677,-0.213930085747825,1.11869639945064,0.448566686396946,0.183030731046816,0.0326657552601889,0.623226005444433,0.796498711810839,-0.305702061185828,-0.36861822118433,0.397122175842658,-0.990285867656609,-0.87030840042632,-0.792580000707353,0.46196210959393,0.994976803142723,-0.558618983546381,-0.13236946005741,-0.655357163658783,-0.332781897157179,-0.197946939314485,-0.593966474056758,-0.185155476127589
"3437","Sel","Innlandet",0,-0.474305809527194,2079,3.668017,0.380285936178303,-0.519693023183231,-0.542690963212478,0.570370624916624,-0.647681128987315,0.43531995316608,1.22751815656219,0.886351973236018,0.953832449931935,-0.730837766371564,0.217628211325081,-0.0343188883682095,0.485198084423713,0.165867894834106,-0.418359188657941,0.623226005444433,0.442093321693173,-0.548907923350374,-0.409868221792914,0.628523344118855,-1.56920785473855,-0.818769990877264,-1.31575904610924,-0.301906334621434,0.238782883400764,-0.416018880823359,-0.386037769493542,-0.655357163658783,0.287984334078328,0.262627611749397,0.0989788164093031,-0.465939190594634
"3438","Sør-Fron","Innlandet",0,-0.630165925825347,1924,2.142759,0.583308643301088,-0.00776100215054762,-0.299350337514671,0.748267572237886,0.24214944408241,-0.671156673130752,-0.0189471475265074,1.17830637801871,0.92136191951792,-0.34098507766298,0.668070134872431,1.45742317395176,0.527313801994994,-0.270634341627281,-0.185341805011709,0.318677277343123,-0.222416784777453,0.52299939507855,-0.204076490113726,0.631848835733486,-0.450746328675482,-0.664154762230098,-0.765519015133791,-0.320416878503874,-0.657446947404521,-0.689463797628982,-0.451266763348548,1.20439308534101,-0.332781897157179,-0.333242073281697,-0.298946656322041,0.0924207004783317
"3439","Ringebu","Innlandet",0,-0.181093580341414,4369,3.028441,0.819858036003782,0.579837218677783,1.22152857309662,1.22265943176125,0.908981114412034,-0.560185794349278,-0.408799061784036,1.84619386471197,0.874285287190708,-0.300645370839807,-0.862990470855227,1.93108266581311,0.343365129885741,-0.0369012835139882,-0.327465328300915,0.318677277343123,0.22058995286963,0.162694414094038,-0.0772173271462129,0.779389886606767,-0.887891502594498,-0.715693171779153,-0.576092116118852,1.58740317764629,-0.54541821855386,-0.709901096833898,-0.393285435477432,-0.655357163658783,0.287984334078328,0.176883344205469,0.325203675544167,-0.500345737814658
"3440","Øyer","Innlandet",0,-0.713914421029469,3542,5.217953,-0.303285930923184,0.277595015538677,2.34697896694898,1.9342472210463,2.6540016543006,-0.790746649293311,-0.772130437656699,1.98398391863452,0.55846256348832,0.248723252849475,-1.08925269398464,-0.0729979097919611,1.03373955970094,0.0864234261793992,0.888664705597941,-0.594968906960805,0.752198038046131,-0.638984168596502,-0.00837459632653255,0.977896717678767,0.206940554608081,0.211998200103847,-0.341563565460982,0.911151307807811,-0.265346396427209,-0.723961344031265,-0.371542437525763,2.38787051652269,-0.332781897157179,0.582707807494074,0.743105663951534,-1.16613294250424
"3441","Gausdal","Innlandet",0,-0.247082849045956,3100,5.1465,-0.200843280540128,-0.227780184489806,0.388086930081634,0.333174695154941,1.55199736794417,-0.783204939084862,-0.0852484934886722,1.22595018652998,0.751089314526067,0.106292052590809,0.909084576577552,1.87718566874723,0.612425341452773,0.262829072613126,0.282025971481,0.318677277343123,0.131988605340214,0.0906334178971351,-0.0789018014403585,0.833717849521585,0.222693533848406,-0.509539533582931,0.488306640754281,0.469366327146905,-0.853497222893177,-1.06263658799844,-0.400533101461321,1.20439308534101,0.598367449696081,0.297886703639583,0.0132414808494719,-1.1572710268177
"3448","Nordre Land","Innlandet",0,-0.446107751975033,2672,5.006441,0.305782190445171,-0.45819395972024,-0.25068221237511,0.511071642476203,0.902486000739993,-0.779972777566955,-0.326585392790952,1.21049494767448,0.479402456919924,0.687153640376438,-0.798314148911391,0.552460889099655,1.42357964716093,0.350943427602088,-0.0350065758024255,0.318677277343123,0.0876879315755054,-0.50386980072731,0.0728951894528818,1.07664509862892,-1.27777773879254,-1.1280004481716,-1.13535249365948,0.543408502676666,-0.265346396427209,-0.788961175337125,-0.465762095316327,-0.31722075474973,-0.953548128392685,-0.0859122708869913,-0.567996875272219,-1.06911601748867
"3449","Sør-Aurdal","Innlandet",0,-0.315952706572603,3567,13.402006,1.56675808697843,0.797664759445052,-0.299350337514671,0.866865537118727,0.911146152302715,-0.749805936733156,-0.809259191395511,0.842067452235662,0.506787295495114,0.608595431499516,-0.404888715277872,-0.510895158894303,1.16240884889028,-0.301598221392478,-0.837747528273786,0.927774733545743,-0.931227565012787,1.17154836085067,-0.0546664665657001,1.19210347575275,-1.44712226562603,-0.664154762230098,-0.188217998584785,0.532302176347201,-0.0692961209385529,0.0935306241653706,-0.444019097364658,-0.655357163658783,-0.332781897157179,-0.478589671710711,-0.644014347085973,-0.311154569517109
"3450","Etnedal","Innlandet",0,-0.866955612486419,2506,3.418858,0.162362479908891,1.71214893324202,-0.573108541424704,2.2307421332484,1.058368728869,-0.765966744322691,-0.994902960089572,1.04345170288321,0.546585922016811,0.290388667275406,-1.0141025796515,-0.737896628889435,1.9938799684431,-0.590535453715723,-0.437314959444268,0.927774733545743,-1.10843026007162,0.658113762947742,-0.10154446238882,1.03762564751168,-1.45106051043611,-0.509539533582931,-0.197238318088975,-0.642500342058333,0.0427326079121076,1.03664283371553,-0.458514429332437,-0.486288959204256,-0.953548128392685,-0.542516948972932,-0.10627245185859,-1.2027572908457
"3451","Nord-Aurdal","Innlandet",0,-0.508969775933865,4806,5.669621,1.90761272370751,0.168173323006854,0.403599894969869,2.11214416836756,1.81180191482584,-0.778895390394319,-1.03733582150536,0.650204574078769,0.915926879876945,0.0360292782569542,-0.738739473822409,0.392545328393587,1.75635294662393,0.311486597958436,0.190094540895216,0.0141285492418138,0.574995342987298,-0.305702061185828,-0.300843387578982,0.960277291548022,-0.210513395260528,-0.200309076288598,0.280839102730958,0.497749161099981,-0.48940385412853,-0.751390350858915,-0.400533101461321,-0.655357163658783,-0.332781897157179,0.0990642860911082,-0.302152644928179,2.5341586454748
"3452","Vestre Slidre","Innlandet",0,-0.891251220961539,2740,5.829324,0.359797406101691,1.00008671826,-0.185284419218824,3.17952585229513,0.683817173781252,-0.667924511612845,-0.28150047753668,0.124564210288648,0.804667707581341,-0.102157293780576,-1.16519715320787,-0.528015381491701,2.13558535742277,-0.439254784005757,-0.259960365920644,0.318677277343123,-0.709724196189246,1.73002108137667,-0.439794272684656,0.686815823498382,0.0572872518249948,-0.0972322571904864,0.822058814202211,-0.435182250575003,-0.377375125277869,-0.2454519476094,-0.407780767445211,-0.31722075474973,-0.643165012774932,-0.224958718489265,0.606091316001114,-0.111155568593834
"3453","Øystre Slidre","Innlandet",0,-0.476922124145436,3605,9.816701,1.34324684977903,0.885112029023962,1.07856595549916,1.04476248443999,1.40693982926857,-0.549411922622921,0.516767727847784,0.304706259740944,0.679936221425668,-0.497685488963902,-0.0558049741751271,0.209168721905899,0.43028592321917,-0.237370287936668,0.943284265506464,-0.290420178859496,-0.532521501130412,0.513991770553937,-0.488969602666881,0.517743078940336,0.447173488023035,0.263536609652903,1.43544113582897,0.887704618890053,-0.265346396427209,-0.654735755371005,-0.357047105557984,0.866256676431955,-0.0223987815394255,0.387051481187292,1.44536622881469,-0.145061510831752
"3454","Vang","Innlandet",0,-0.10297412567957,1818,8.018424,-0.375927083012988,0.834085487754132,-0.0560097118168642,-0.319114111689687,-0.797068743444276,0.680964228527013,1.11347984150727,-0.428855735642537,0.160530402749728,-1.34411420365224,-0.920541502441791,0.0744896374730327,-0.576087483558505,-0.531969486845549,-0.15432336779114,-0.290420178859496,-1.90584238783637,1.82009732662279,-0.478300566887076,0.51245705427143,-0.230204619310934,1.1912279815359,0.632631915187273,0.116431957121713,-0.237339214214544,0.513263577385128,-0.364294771541874,0.189983858613849,0.908750565313834,0.0309165606699728,2.5759568190138,1.12353550761146
"3815","Drangedal","Vestfold og Telemark",0,-0.380224192952036,1412,11.582086,-0.668354285015531,-0.540963599582553,-0.116844868241316,-0.259815129249266,-0.684486773128886,-0.5547988584861,-1.61017945061846,-0.760129443857922,-0.46179903509343,2.48372907582333,-0.767539502512127,-0.848734218149628,0.498314068645142,-0.088566728607918,0.14026457423149,0.0141285492418138,-0.178116111012745,-0.305702061185828,0.576062149908534,1.36315688795911,-1.38411034866473,-0.921846809975375,-1.59538924841004,-0.637564197023016,-0.909511587318507,-0.492082513202557,-0.451266763348548,0.528120267522902,-0.643165012774932,-0.484190198099812,-0.870767240693023,-1.52987341372999
"3818","Tinn","Vestfold og Telemark",0,0.370957613247724,3557,13.644296,1.13463636172626,-0.228512660954734,2.68157232728346,-0.141217164368424,-0.251479194992766,-0.694859190928737,0.726279981088224,0.448169784990158,0.385374878349423,-0.472034083586659,-0.241397111205093,-0.642277015271374,-0.317842285999664,0.162506102173885,-0.877649977591679,0.623226005444433,1.06230275439909,-0.85516715718721,0.773592494027215,1.13404618747434,-0.0136011547564672,-0.664154762230098,-0.891803623497413,0.539706393900178,0.518854705527415,-0.342644366760597,0.0923081854431639,1.71159769870459,1.83989991216709,0.53542079087588,0.507744011739564,0.852467752348177
"3819","Hjartdal","Vestfold og Telemark",0,-0.607640954516107,2476,8.433016,0.0561946422391781,1.49095152710317,-0.26284924366,0.511071642476203,-0.342410786401351,-0.657150639886488,0.476986920270485,0.304360837857745,-0.151780863944733,0.366909131020448,0.293023001591959,-0.570498896825986,0.339947016703081,-0.536392898240577,-0.24808857133979,0.623226005444433,-1.90584238783637,1.86513544924586,0.324076222830519,1.40163686046,-0.297154781082315,-0.818769990877264,-0.440787188251039,0.907449199031323,-0.321360760852539,0.387412840175909,-0.335304107606316,-0.655357163658783,-0.953548128392685,-0.435265234425031,0.204863223761776,-0.667110121663598
"3820","Seljord","Vestfold og Telemark",0,-0.667410970289745,1399,7.483129,-0.0890876619404295,-0.357122469606493,-0.846866745334737,-0.0226191994875832,-0.532934120781243,-0.476149594883696,0.0579624137896037,0.258329055910097,-0.262118097017543,0.546071950533574,-0.243945802434015,-0.530678527229074,0.525150981903075,-0.301598221392478,0.274955848958373,0.0141285492418138,0.264890626634339,0.0185724217002325,0.0167732470179888,1.33128606394102,-0.47437579753597,0.624305476496292,-0.594132782188224,0.828470878466244,-0.237339214214544,-0.373684475327462,0.418453154718191,-0.655357163658783,-0.953548128392685,-0.566466824477347,-0.892121299619941,1.1475557404953
"3821","Kviteseid","Vestfold og Telemark",0,-0.708118006824745,1227,4.986227,-0.677667253232173,-0.38070598408483,0.415499251566492,-0.200516146808845,-0.84686461492993,-0.369488264792765,-0.872908483519189,0.072147252346895,-0.241884762206372,1.35899298077001,-1.06404689212508,-0.610446082886581,0.67682359938576,-0.378919452577572,-0.552829125575314,0.927774733545743,-0.488220827365704,0.198724912192489,-0.0405858544772233,1.57922283217049,-0.446808083865401,1.08815116243779,-0.350583912026161,0.575493445406229,-1.27360495608315,-0.337496625983419,-0.342551773590205,0.189983858613849,-0.643165012774932,-0.519553827690027,-0.649662620130946,-0.497250589281975
"3822","Nissedal","Vestfold og Telemark",0,-0.564669968968016,2430,7.456928,-0.627377224862309,1.84132320153862,0.61926052449455,0.333174695154941,-0.63036082586187,-0.367333490447493,-1.35293022828526,-0.363151795235594,-0.417167459765314,1.8406228984308,-0.955329360063782,-0.986076448319867,-0.0173146573197613,-0.562579493699145,0.414192993549701,0.318677277343123,-0.222416784777453,0.0816257933725224,0.16355723515701,1.17694043983083,-0.0529836028572794,-0.612616352681042,-0.350583912026161,-0.885605485047714,-1.52566959599714,0.715101115021647,-0.4150284334291,-0.655357163658783,-0.643165012774932,-0.443987479496863,0.320110613688469,-0.10257800013455
"3823","Fyresdal","Vestfold og Telemark",0,-0.282037517076876,1323,9.930883,-0.655316129512233,0.635251486599628,-1.00503815203831,-0.556310041451369,-0.472313059842187,-0.593584796700984,-1.08242073675963,0.17672006925307,-0.364294521709657,1.09074258673727,-0.988786149681988,-0.602583462138147,-0.351564356316587,-0.600797768152189,-0.0657500597020091,0.623226005444433,-0.57682217489512,0.541014644127776,-0.454717193559388,1.37980765131852,-0.104180785388335,0.160459790554791,-0.0168317385782305,-0.390756945257147,0.0707397901247728,0.877754357190094,0.179280177249838,-0.655357163658783,0.908750565313834,-0.685085946141427,-1.01544132255011,-0.298785889630524
"3824","Tokke","Vestfold og Telemark",0,-0.460070239079118,1162,9.68622,-0.584537571065758,-0.375142533874385,-1.00138804265284,-0.378413094130107,-0.461487870388784,-0.669001898785481,0.150784298136634,0.268688527143575,-0.477632760878523,0.445574095698905,-1.15155573126523,-0.151116851421571,0.396310541246072,-0.434123626787524,-0.773247383436924,0.623226005444433,-0.798325543718662,0.171702038618651,-0.455180761617039,1.25559158248115,0.537753118654903,-0.303385895386709,0.0643512181424574,-0.981860313236402,0.266790065613429,0.313961494161249,0.128546515362611,-0.31722075474973,-0.953548128392685,-0.512224123221801,-0.515695376659333,1.0905120481191
"3825","Vinje","Vestfold og Telemark",0,1.1433694471578,5713,7.150154,1.19423935831277,1.34850792815326,1.57765757880536,-0.200516146808845,-0.257974308664808,-0.603281281254705,0.172000728844527,0.0947584129226517,-0.107832767903493,-0.695714283810982,0.332958621632309,-0.00388293708394596,-0.607350349790741,-0.1483712506687,-0.076452663735085,-0.594968906960805,-0.443920153600995,0.396892651733971,-0.409022146942857,1.47911468519231,0.577135566755716,0.418151838300069,1.00246536665197,-0.172332527444353,-0.685454129617186,-0.216793629551379,2.97687924703118,2.72600692543174,-0.332781897157179,0.0239018723365392,0.278472730141085,0.461270809543642
"4220","Bygland","Agder",0,-0.243620856975354,853,20.921334,-0.791285465475199,-0.195187841412938,-1.05978979282032,-0.793505971213052,-0.403031847340408,-0.580656150629356,-1.15667824423725,-0.11176305856148,-0.826154586418508,1.2304910582356,0.223353459765273,-0.681970568404601,-0.65512148014383,-0.612121701323461,-0.949700856403071,0.623226005444433,-0.621122848659829,0.279793532914004,-0.225029181558414,-0.44436345477655,-0.285340046652071,0.160459790554791,-1.53224693069774,-1.38168806109711,-0.349367943065204,0.851170501833324,0.316985830943738,-0.655357163658783,-0.0223987815394255,-0.632144105695601,-0.614240822589998,0.641805732611426
"4221","Valle","Agder",0,-0.261723639939956,1441,5.167272,-0.707468751525426,0.470671374943082,-0.00734158667730284,-0.497011059010949,-0.342410786401351,-0.632370734915868,-0.5148812153235,-0.325154604948597,-0.732881077585801,0.149301370810073,0.914652239298227,-0.266519833374403,-0.651996906257166,-0.605928925370421,-1.44649510974794,0.318677277343123,-1.90584238783637,1.2616246060968,-0.518910209000324,0.0834267698101248,1.05760143358562,0.366613428751014,0.903241770922899,-0.448756649422125,1.02298398535539,0.764504060092177,4.4119171118413,-0.148152550295203,0.908750565313834,-0.563225939385735,-0.15620328883886,1.13759450653024
"4222","Bykle","Agder",0,-0.152384592661785,2732,7.059666,-0.668354285015531,2.98717513590652,1.30061427644841,-0.200516146808845,-0.779748440318832,-0.47507220771106,-0.859648214326756,-0.574715558271694,-0.783733754949065,-0.58729771135357,2.40193766729692,-0.960586339119297,-0.905849550254677,-0.647332056027886,1.49163008886505,-1.50861509126473,0.043387257810797,-1.11638826840098,-0.51994784591608,0.707116151386506,1.66802937914821,0.727382295594402,1.88645757107534,0.381749752770022,4.38384585087521,1.88302361582588,-0.306313443670758,0.697188471977428,1.21913368093159,-0.0763721040474621,4.39645111036739,1.75668017096572
"4224","Åseral","Agder",0,-0.554927059985607,2244,7.399511,-0.755896186251962,3.46956733494759,0.199497945165833,0.0959787653932583,-0.565409689141453,-0.65930541423176,-1.41923157424743,-0.285307711219822,-1.28714821097938,1.39532882076397,0.222951567430468,-0.159994003879481,-0.250780729398353,-0.651401594511312,1.00415718058369,-1.81316381936604,-1.90584238783637,0.901319625112288,0.0385639481254324,-0.453460988592875,0.147866882456863,-1.5918461341131,1.88645757107534,0.765535029265948,1.58312762960869,1.06284252931281,-0.0598928002185153,1.03532488088648,-0.643165012774932,-0.569707651153087,0.129822213837107,-0.58031682138848
"4228","Sirdal","Agder",0,-0.0475998708301836,4221,13.785154,0.479003399274703,2.53505107746806,1.82988013734114,0.392473677595362,-0.836039425476527,-0.69916873961928,-0.16481010864327,-0.851685967683643,-1.64233455181619,0.959919360372762,0.362729421096711,0.114056374142575,-0.400136672605184,-0.492512657201897,0.899831285526308,-1.50861509126473,0.22058995286963,-0.0264657009228315,0.512258616052001,-0.556411227103569,1.61683219661716,0.108921381005736,1.7060509915646,0.21638889408689,3.2635585623686,0.634504397480456,-0.117874128089631,-0.655357163658783,1.83989991216709,-0.0116735742595119,1.8970157945305,0.070242127388053
"4618","Ullensvang","Vestland",1,1.35366124031156,2315,2.77821,0.689476480970801,-0.845098554899568,0.734847321701009,-0.734206988772631,-0.996252229386891,1.37911111639493,0.853578565335581,-1.0254378468168,-1.21211930615034,-0.336622556172446,1.17412924012918,0.843124223864371,-0.86818681314082,1.11247793337015,-0.678069029634267,0.0141285492418138,1.15090410192851,-0.810129034564146,-0.149073172862746,-0.366361820048393,1.01428074067473,0.0573829714566802,0.253778117157396,-0.0945882431381044,-0.657446947404521,-0.217485117118462,1.80275735764108,0.697188471977428,1.52951679654934,1.60870383716204,0.382351789730208,0.491928778286847
"4619","Eidfjord","Vestland",1,-0.0336902385668712,1271,1.846112,-0.651590942225577,0.891956665463046,0.582759430639879,-0.556310041451369,0.00399527610754463,-0.356559618721137,1.23812637191614,-0.924135664758075,-0.174861958387603,-1.02513603408475,1.96070399015197,-0.936491211019255,-1.18686752393406,-0.646978183116283,-0.818048785701703,0.318677277343123,0.663596690516714,-0.539900298825762,-0.449751727577503,-0.585871661208587,1.71135007205911,-0.458001124033875,1.07462800386847,-1.18671033220207,0.602876252165411,1.33974488395385,0,-0.31722075474973,0.598367449696081,-0.129233070169609,3.9239710469246,-0.275456622832403
"4620","Ulvik","Vestland",1,-0.672749309207773,285,0.14197,-0.910491458648211,-0.811123614297419,0.868684665834803,-0.912103936093894,-1.05254321454459,1.81006598544919,1.17978118746943,-1.13034757814728,-1.1816346922231,-0.633295960278956,0.114817853971317,-0.396887158041999,-0.801584085127707,-0.626807427154955,-0.719841664532567,0.623226005444433,0.264890626634339,0.369869778160132,-0.0953795711094874,-0.792526117667472,-0.238081108931097,1.29430480063401,-0.0168317385782305,-1.83704744060514,0.770919345441402,1.67357971495144,-0.183103121944637,-0.486288959204256,0.598367449696081,-0.518205325140064,0.33024849257955,0.440148780598792
"4621","Voss","Vestland",1,0.467734826702283,3534,1.525719,1.14581192358623,-0.779797879876054,1.58653951164333,-0.200516146808845,-0.652011204768676,0.523665701322205,0.474334866431998,-1.11083862858227,-1.73390089034541,0.678193810056615,-0.910933382645439,3.04757481209084,0.0453215706131828,1.99609859364099,1.0446143657988,-1.20406636316342,0.885100059340256,-0.62997654407189,0.47201251786035,-0.723432233715248,0.600765035616203,0.98507434333968,0.569489597474969,0.197878350204451,-0.153317667576548,-0.742862004198217,0.498177480540975,3.0641433343408,1.52951679654934,1.5076580020101,-0.223002254681538,0.722859118279834
"4628","Vaksdal","Vestland",1,-0.655959088122357,760,0.01287,-0.392690425802943,-0.814402775793331,-0.846866745334737,-0.556310041451369,-1.02656275985642,0.244622423609567,-0.363714146529764,-1.23556197314773,-2.65467771701391,1.37763273421814,-1.07776149328707,-0.590409081624441,-0.247991571035199,-0.128554367618973,-0.0900780443374656,-0.899517635062115,1.32810679698734,-1.61180761725469,0.636319050096143,-0.738079634998853,-0.446808083865401,-0.354924304935764,-1.18045411824142,-0.45862893949276,0.406825976676754,0.00640319071283443,-0.465762095316327,-0.655357163658783,-0.332781897157179,-0.436039441007048,-0.739622126376993,-1.13612629932066
"4629","Modalen","Vestland",1,-0.923034598546106,147,0.498264,-1.14145307042092,-0.403858924682215,0,-0.912103936093894,-1.0958439723582,0.882435629809883,-0.294760746729113,-1.18671372882622,-2.77754793135639,0.980443036775974,-1.05276121960579,-1.05519142102788,-0.845078108878595,-0.745885661909115,1.33926049026255,-1.81316381936604,-1.90584238783637,-0.413793555481182,0.429136373832294,-0.824534250118781,0.435358753592792,-0.0972322571904864,-1.3428200316828,-1.81236671542855,1.05099116756805,4.86840593878156,-0.473009761300216,-0.655357163658783,-0.0223987815394255,-0.701957609144157,-0.595344640277146,-0.598433798081721
"4639","Vik","Vestland",1,-0.556724124571874,356,2.146879,-0.93284258236815,-0.962268435394774,0.309001226729846,-0.852804953653473,-0.926971016885112,0.521510926976934,0.654674527449086,-1.28961487855121,-1.5736364998527,0.630409521891936,0.592689088176054,0.669892934471438,-0.450695198182186,-0.35981031535105,-0.672261546304747,0.318677277343123,0.131988605340214,0.622083264849291,-0.460474614450569,-0.817820410826066,0.588950301185959,0.418151838300069,1.2730752223876,0.207750640275084,0.0427326079121076,0.339085542431954,-0.342551773590205,-0.655357163658783,0.908750565313834,-0.479863055297791,-0.553881772291458,-0.186511072571742
"4640","Sogndal","Vestland",1,-0.174196023620595,812,2.439186,-0.400140800376256,-1.07716699423288,0.613177008852105,-0.793505971213052,-0.970271774698724,0.527975250012748,0.911923749782286,-1.31272045608075,-1.41704655825539,0.650221547581563,-0.634110730310975,1.51778781066555,-0.116346383458572,1.32763266362432,1.79781519180837,-2.72681000366997,1.46100881828147,-1.09837301935176,-0.418988747880286,-0.792839129242257,1.45142591459375,3.5104564112434,0.686753886334398,-0.933732899142057,0.0707397901247728,-0.854345166402476,-0.429523765396879,-0.148152550295203,-0.643165012774932,0.984700521286602,-0.215237312924714,1.19408748448284
"4642","Lærdal","Vestland",1,-0.133444941384951,486,0.218875,-0.897453303144913,-0.823223657312004,-0.542690963212478,-0.852804953653473,-1.12615450282773,1.1065321617181,1.37072906384047,-1.01008226683009,-0.314063134962755,-0.898894598990462,-1.02596992872594,0.071953308199344,-0.847102098222081,-0.43819316527095,0.0726539537147299,0.318677277343123,0.442093321693173,0.045595295274071,-0.452010890799414,0.779402633394794,0.730727114348883,0.933535933790625,0.0282698860037163,-1.49521939690941,0.742912163228736,-0.129819860002639,-0.444019097364658,-0.655357163658783,-0.332781897157179,-0.449484443753906,-0.264607892550711,-0.131936840968183
"4643","Årdal","Vestland",1,-0.437695023152067,532,2.179191,-0.612476475715682,-1.01326543143157,-1.25750405119979,-0.852804953653473,-1.08718382079548,1.30800356300097,1.98865760820784,-1.13425149372575,-0.69080884357258,-0.550977312260462,0.39602869885909,-0.938266641510837,-0.917746089337673,0.108009673787137,-0.603317072178701,0.318677277343123,2.25842094604622,-2.15226508873145,-0.471835721162066,-0.46925830356959,2.39266642420316,-0.251847485837653,-0.440787188251039,1.19004350230324,-1.10556186280716,-0.451361578696522,-0.473009761300216,-0.655357163658783,-0.332781897157179,0.0621609001109348,-0.122487929180604,-0.659922348105453
"4644","Luster","Vestland",1,1.03050674382812,672,2.000397,-0.569636821919131,-0.951442115767799,-1.38221612186991,-0.912103936093894,-1.11099923759296,1.89410218491478,2.53763275277457,-1.05145518594057,-1.1410973483903,-0.877154731362516,1.43730741256426,1.88441420717724,-0.901894089125337,0.115441004930784,0.739077114640325,-0.899517635062115,0.0876879315755054,0.23475541029094,-0.457496765909821,-1.05131652157138,0.415667529542386,0.315075019201958,0.984424727643587,0.0547301441802462,0.49084752331475,-0.510291685802426,-0.357047105557984,-0.31722075474973,4.63334795272687,0.418416867936583,0.421385538973041,-0.942577113073028
"4651","Stryn","Vestland",1,-0.0890204477156136,1267,2.003271,-0.251133308909992,-0.873019400096158,-0.244598696732665,-0.674908006332211,-1.00707741884029,1.28968798106617,1.76323303193648,-1.16192954005321,-1.43282122797697,-0.0140658221373677,0.586437472311438,0.617264102042399,-0.467375638052459,0.4624133947568,1.08277282493467,-1.20406636316342,0.442093321693173,0.171702038618651,-0.337407160447957,-1.11477688090163,0.0769784758754009,0.00584456190762484,1.15581096058915,1.45906340672804,-0.573425400766525,-0.769676355410682,-0.386037769493542,0.359052063068376,0.287984334078328,0.41322005038627,-0.0738087608591216,-0.0915772814971801
"5021","Oppdal","Trøndelag",0,0.68231667109875,4142,19.801051,0.393324091681601,-0.0129564684646572,1.08160771332038,-0.200516146808845,-0.102091580535805,0.213378195603132,0.856230619174067,-0.19648861943921,0.289656687341586,-1.1700736298487,1.71257195468602,4.73258516506588,-0.541784366743181,0.437465354488841,1.50753486979443,-0.594968906960805,0.840799385575548,-0.44081642905502,0.0714516819134259,-0.851945836449533,0.143928637646782,0.211998200103847,0.334961073878084,1.21595826373866,-0.209332032001879,-1.13508911863843,0.918542107606565,2.38787051652269,1.21913368093159,0.945903897510596,0.567097137466493,1.19955713851682
"5022","Rennebu","Trøndelag",0,-0.443139071751641,2117,26.99266,0.0841335468891026,0.420972766835047,-0.23851518109022,0.155277747833679,1.86376282420218,-0.7239486445899,-0.0693361704577526,-0.180062081888916,0.127952534478217,0.172714794538663,-0.334105486285728,1.20937017098501,0.333512949320634,-0.380511880679782,-0.361436527828073,0.623226005444433,-0.178116111012745,0.937350123210739,0.214901435417091,-0.884373352893125,-0.824879585633198,-1.02492362907349,-0.42274652218167,0.287962997098992,1.21903426084404,-0.143419115488617,-0.291818111702979,-0.148152550295203,0.287984334078328,-0.405268644724349,-0.265411002247751,-0.889964429338633
"5025","Røros - Rossen","Trøndelag",0,0.290301126228797,3418,7.546123,0.998667025763299,-0.0937943259716811,-0.786031588910285,0.0959787653932583,0.774748765189837,-0.69162702941083,-1.20176315949153,0.97698788741717,0.926861361175396,-0.295416332321271,0.212615870595131,-0.600554398719196,-0.289648688166783,0.173122289521953,0.470473190262012,0.318677277343123,1.15090410192851,-1.08035777030253,-0.484124639910941,-0.975733096982334,0.683468176627909,0.881997524241569,0.50634730682365,1.16042663209134,-0.601432582979191,-0.995562293991331,0,-0.655357163658783,-0.0223987815394255,-0.0479483646798383,-0.366520759148857,3.90403210879001
"5026","Holtålen","Trøndelag",0,-0.225896867036288,1143,6.561322,-0.280934807203245,-0.302058904020583,-1.24837877773612,-0.61560902389179,2.25563468241537,-0.790746649293311,-0.822519460587944,0.1267991987991,0.0539918905159132,-0.126023407996864,0.092662661883867,-0.225177666213279,-0.417744328978521,-0.467210744022336,-0.710402865314683,0.927774733545743,-0.621122848659829,1.27963985514603,-0.147630420342629,-0.986442727940393,-0.289278291462153,-1.23107726726971,-0.197238318088975,-0.880669340012396,-0.937518769531172,-0.0617467506208512,0.0995558514270534,-0.486288959204256,-0.643165012774932,-0.604463254442873,-0.818466005169832,-0.415705229965089
"5032","Selbu","Trøndelag",0,-0.252791171849393,1666,21.386245,-0.102125817443728,-0.444433880462989,-0.980704089468531,-0.319114111689687,1.42859020817538,-0.754115485423699,-0.305368962083059,-0.707037905610797,-0.351517449070633,1.00457463685794,-0.125475939108898,-0.339312483529267,0.133789317687964,-0.0890975379753214,0.743552982471379,-0.290420178859496,-0.532521501130412,0.513991770553937,0.225826758990623,-0.978573842949418,0.628332749286772,-0.458001124033875,0.695774205838589,0.313877758534408,-0.181324849789214,-2.59359006152158,0.280747501024291,-0.655357163658783,-0.332781897157179,-0.509598649937867,-0.92106767048718,-0.524318905635267
"5033","Tydal","Trøndelag",0,-0.184573190692274,1575,10.367857,-0.657178723155562,2.21626135176547,-0.494022838072917,-0.319114111689687,2.23398430350856,-0.588197860837806,0.190565105713933,0.119065216087165,0.0868033850995744,-0.175943908316463,0.415212049412962,-0.991275923330929,-0.690816900383314,-0.680065300351095,-1.43260666099824,2.14596964595098,-1.90584238783637,0.946357747735352,-0.340566322856896,-1.00491495620996,-0.218389884880691,-1.17953885772065,0.885201104853527,-0.869563013682931,2.14327127386199,1.35357463529552,-0.284570445719089,-0.31722075474973,0.598367449696081,-0.514281305551986,1.05806772096048,0.466694585874926
"5034","Meråker","Trøndelag",0,-0.210401589549799,1231,3.392224,-0.24182034069335,-0.341046055136664,-0.0985943213139805,-0.497011059010949,2.50244900195295,-0.733645129143621,-0.079944385811699,-0.446808387047768,-0.345831465831486,0.505813229138312,-0.132180757951322,-0.444570148387345,-0.839531826492648,-0.388297084735032,-0.383485700331844,0.318677277343123,-0.000913415953911461,-0.72906041384263,0.217740892003121,-0.985870575131127,-1.69129344385107,-0.87030840042632,-2.31701551233105,-0.631394015728868,0.798926527654067,-0.217408285166564,-0.0816357981701838,0.0209156541593228,-0.0223987815394255,-0.391805077642434,-0.199248577438692,0.152716774778601
"5042","Lierne","Trøndelag",0,1.0602111643423,1078,3.116228,-0.683255034162158,0.0861888315612877,-1.18146010566922,-0.912103936093894,1.82262710427925,-0.606513442772612,-0.676656499471182,0.41834189036067,0.265824773031287,0.0745222986275761,0.710763972807707,-0.926726343315553,-0.896882594458975,-0.581157821558263,-0.89429553924774,0.623226005444433,-1.15273093383633,1.40574659849061,-0.521198262497959,-1.14657436275783,-0.588584897028325,-1.07646203862254,0.894221424357721,0.30894161349909,-0.293353578639874,1.60688958070382,0.940285105558234,-0.486288959204256,-0.953548128392685,-0.674675638921836,-0.981225235186782,-1.40338605436661
"5043","Raarvihke - Røyrvik","Trøndelag",0,-0.0856817836068134,415,3.667892,-0.93284258236815,0.188367907006902,-0.202014087235548,-0.971402918534314,0.376381793304607,-0.413661138870827,-0.337193608144898,-0.245343614449038,-0.121742541117546,-0.328612565062079,0.521811594343314,-1.06102497835737,-1.11919945984364,-0.734738665193644,-1.77736249269493,0.927774733545743,0.353491974163756,0.315824031012455,-0.536537429664697,-1.24114287205792,-0.876076768164254,-0.87030840042632,0.416144030598772,-0.540075332575498,-0.993533133956503,3.87097353923939,-0.212093785880195,-0.31722075474973,-0.953548128392685,-0.725107867427948,-1.13517959228992,0.447409960248154
"5057","Ørland","Trøndelag",1,-0.879006516182563,1348,0.873557,-0.666491691372203,-0.955218567243882,0.00482544460758751,0.511071642476203,-0.12157692155193,-0.622674250362147,-2.40844765600292,-1.38168131218766,-0.575620940267523,1.66243476507778,-0.635372376295081,-0.353642743925608,2.15458099194474,1.02224034091157,0.995572395462838,-1.20406636316342,0.397792647928464,-0.990281525056402,-0.300083353645335,-0.987713724479919,0.380223326251655,-0.40646271448482,-0.512949825467536,-0.64620245083482,-0.153317667576548,-0.840054423349415,-0.451266763348548,-0.655357163658783,-0.953548128392685,0.013497683435029,-0.785739037247746,0.26615195935313
"5061","Rindal","Trøndelag",0,-0.717913770647926,942,16.722478,-0.582674977422429,-0.224005870812059,-1.09020737103254,-0.141217164368424,1.14064016871486,-0.504161661372223,0.463726651078052,-0.855786569430262,-0.863243348742172,0.752394302238277,0.0788971883367678,-0.646715591500329,0.0757411455793005,-0.462433459715705,-0.205087608156656,0.0141285492418138,-0.31101813230687,0.802235755341547,0.230463767759361,-0.899188023556328,-0.320784249942802,-0.87030840042632,0.362022059451646,0.362005172628753,-0.321360760852539,-0.236078449477822,-0.125121794073521,-0.655357163658783,-0.953548128392685,-0.586771000914695,-0.753197911551514,-0.413627856136182
"5416","Bardu","Troms og Finnmark",0,0.957285171077868,606,0.457166,-0.830399931985094,-0.965077410261833,-0.998954636395867,-0.971402918534314,-0.548089386016008,0.253241520990652,0.580417019971462,-0.424726142508871,0.433779545491619,-1.5543311683845,-0.0892121323182067,-0.615011475579221,-1.01018881235257,-0.106260374188031,0.696858863922547,-2.42226127556866,0.885100059340256,-1.22447976269633,-0.43754306156057,-1.22346049267106,2.39660466901324,0.830459114692514,1.38131916468185,-3.25125299322356,-0.601432582979191,-0.599954573667602,0.114051183394832,-0.486288959204256,0.287984334078328,0.0945565417093547,0.32413268971303,-1.23762846142976
"5418","Målselv","Troms og Finnmark",1,1.56419968938892,1003,5.555425,-0.655316129512233,-0.969210073409506,-0.542690963212478,-0.912103936093894,-0.600050295392342,0.270479715752823,0.819101865435255,-0.58911826711147,0.586438717232545,-1.24795092530863,0.0749008968231919,-0.191064037482167,-0.862002756420777,0.354836029629713,-0.161887126367672,-1.50861509126473,0.574995342987298,-0.783106160990307,-0.489929603517149,-1.23177048892757,1.45142591459375,0.263536609652903,0.452225335676525,-2.04436553208847,-0.657446947404521,-0.643210962586278,0,0.0209156541593228,0.287984334078328,0.453772019344934,0.0963774393146558,0.5083401963875
"5425","Storfjord - Omasvuotna - Omasvuono","Troms og Finnmark",1,0.0437949580057025,320,0.057374,-1.07998748019109,-0.874832082102195,0.211664976450723,-0.971402918534314,-1.0958439723582,2.23024698277711,0.463726651078052,-1.02052005022051,0.469376270414314,-1.62238744644464,-0.731006748179316,-0.778224264341084,-1.03617281869654,-0.487912309351068,0.18464673584752,0.623226005444433,-0.621122848659829,-0.963258651482564,-0.301920811140634,-1.23503364966829,-0.478314042346051,-0.818769990877264,-1.93816171430118,-0.150119874785424,-0.965525951743838,0.740839818907537,-0.378790103509653,-0.655357163658783,-0.332781897157179,-0.65862849648116,-1.02351310387545,-0.340924696490219
"5426","Gáivuotna - Kåfjord - Kaivuono","Troms og Finnmark",1,-0.420508390760856,131,0.004625,-1.16939197507084,-1.09803548537132,0,-1.03070190097473,-1.13914473017181,3.53927239752944,-0.0587279551038063,-1.20117256440301,0.382240446787444,-1.63504902567981,-1.19461192476443,-0.372792029941957,-0.929299701179408,-0.456771493130069,-0.812863712551122,0.927774733545743,-0.754024869953954,-0.50386980072731,-0.524434218663778,-1.25756283498,-1.83700850182407,-0.561077943131987,-1.92012107529279,-1.19781665853154,-0.629439765191856,0.589557705620021,-0.393285435477432,-0.655357163658783,-0.953548128392685,-0.694742189712513,-1.20083191047049,1.14188788206396
"5428","Nordreisa - Ráisa - Raisi","Troms og Finnmark",1,1.68063890361088,451,0.010701,-1.11165157212767,-1.01867857025613,-0.740405221591947,-0.971402918534314,-0.615205560627106,1.00202560597244,-0.0985087626811051,-0.825487299624417,0.771425925554776,-1.24352165126348,0.177870223609591,-0.166208010600018,-1.14587387027577,0.0269727770302196,0.4879812741347,-0.594968906960805,0.530694669222589,-0.972266276007176,-0.52934373641116,-1.27493254232618,0.025781293344345,-0.303385895386709,-0.846701971854478,-0.477139483375201,-0.461396671915865,-0.396887724800712,-0.197598453912416,-0.655357163658783,-0.643165012774932,-0.541939064895951,-1.03965756828099,-0.0946771953741405
"5430","Guovdageaidnu - Kautokeino","Troms og Finnmark",0,6.64381416183587,437,6.476975,-1.02224707724791,-0.872404586495393,-1.09020737103254,-1.09000088341516,2.24697453085264,-0.790746649293311,-1.68974106577306,0.564780037817265,2.25866725146185,-1.01432114130213,-0.570009988705783,-1.08144242901056,-1.38150358817203,-0.303721458862092,-0.092126785661817,-1.50861509126473,0.397792647928464,-1.83699823037001,-0.519306742364331,-1.35546316129766,-1.56526960992847,1.13968957198685,-0.170177332515413,-1.16202960702549,1.05099116756805,0.872606616412916,6.49924491520147,-0.655357163658783,-0.953548128392685,-0.681231873810177,-1.21547128058363,0.984880847181369
"5437","Kárájohka - Karasjok","Troms og Finnmark",0,3.33219411323108,321,2.518972,-1.10420119755435,-0.94541460871712,-1.21187768388145,-1.09000088341516,0.984757440585855,-0.784282326257497,-1.29458504383856,0.285385091095079,2.25055683701167,-0.737691754402357,-0.936152036786976,-1.00002625932515,-1.34190886665414,-0.355563840411823,-0.505465523177801,-0.899517635062115,1.1066034281638,-1.08035777030253,-0.535413931218708,-1.34406028460382,-0.0963042957681728,0.881997524241569,-0.359604231530351,-2.7144472206328,0.182768518975433,0.466703414534831,2.85366892530506,-0.655357163658783,-0.953548128392685,-0.698903951073434,-1.25294809341062,0.453829781878717
