"region","municipality","county","dummy_coast","holiday_homes","future_hh_area","median_hh_price","prop_hh_area","prop_wetlands","prop_montainous","altitudinal_range","dist_to_coast","veg_sections","veg_zones","prop_protected","infrastructure_index","population_change","median_age","urban_settlement_ratio","prop_farm_residents","median_income","education","employment_rate","prop_private_sector","municipal_economy","unrestricted_revenues","culture_index","ln_land_area","sqrt_future_hh_area","ln_holiday_homes","ln_holiday_homes_1970","ln_hh_dwelling_ratio","ln_grazing_livestock","ln_population","ln_pop_2hr_drive","ln_pop_4hr_drive","ln_off_road_motor","ln_ski_lifts","ln_hiker_cabins","ln_activity_data","ln_activity_pr_person"
"1134","Suldal","Rogaland",1,1913,6.457153,-0.116844868241316,-0.554779384209948,-1.19209339730055,0.445190148743294,0.667934796641519,-1.16258854160341,-1.9086279319658,1.05918312032688,0.408400842484893,-0.259467289733579,-0.166004532471288,-0.899517635062115,-0.235420312596318,0.391648537361094,1.06941616801587,-0.134437915033371,0.712440972072825,0.688187877756568,0.826933709866732,-0.00573625768707801,1.0143925677511,0.48989796825737,0.174080653906726,0.306583256771663,0.134909901403554,0.0707441268318554,1.33047165865366,0.243849574035669,0.6253696215594,-0.218836553169351,-0.386037769493542,-0.355593227960076,1.23704324134586,-0.0914966860332192,-0.425168923493604
"1135","Sauda","Rogaland",1,1285,7.146509,0.0656606010320393,-0.0562001381746102,-0.807070043715005,0.604364603128608,0.53533210471719,-1.20080000739612,-2.39591179814006,0.99749155974826,-1.87625416723782,-0.178609472134101,-0.520453993597311,-0.594968906960805,1.9008882071872,-1.95805689653721,0.998527761434406,-0.071338574898121,-0.370821880485819,-0.222387389052178,0.294797247826094,-0.36239017839843,-1.03714708433559,-1.30387886385717,0.283694744127687,-0.165058531974707,0.156889199196711,-0.521195029799349,0.263259159126338,0.456481609173604,-0.231261719607765,0.108251930107146,-0.400533101461321,0.891279153212047,-0.539142837912582,0.18483810458136,-0.236089448576605
"1525","Stranda","Møre og Romsdal",1,902,3.378503,0.841308845443799,-0.618102112821439,-0.849637702278245,1.21865408466859,1.00209358029083,-1.29751994812138,-1.89521186613049,0.45051457599448,0.554560874664855,-0.537188799201149,0.0880499452120556,-0.594968906960805,0.968150813234494,-0.602252817700785,0.490494180933929,-0.071338574898121,1.18823089505814,2.08507466779481,-1.16157622723249,-0.69968244723144,-0.925847636070613,-0.500411955394519,-0.408821118929142,-0.584530564105152,-0.343282526831886,-0.881905930061574,0.545076361410773,0.441143153266128,0.426103746978027,-0.994886841208912,-0.465762095316327,1.02418267101234,-0.539142837912582,0.42408580384378,0.157704843269342
"1539","Rauma","Møre og Romsdal",1,1134,3.175839,-1.10237440231743,-0.618102112821439,-0.849637702278245,1.30805746688626,1.55372077869604,-1.1182654616623,-1.26587584668484,0.172859904995154,1.35852881531171,-0.42464860469085,0.476830882043767,-0.290420178859496,0.836642515827673,-0.485816739259032,0.250261247518974,-0.134437915033371,0.0968494496144542,1.16586783634119,-2.33787788016443,-0.703370380922553,-0.0704210646967771,0.285230209974247,-0.455237917726894,-0.313228164583761,0.160835044587937,-1.00283798731518,0.615946007862055,0.978446864308853,0.322018421540491,-1.02905200965988,-0.27007511375131,-0.355593227960076,0.868451327051197,1.28550219151024,0.891951227875431
"1563","Sunndal","Møre og Romsdal",1,880,7.808873,-0.84990850315596,-0.873687645200425,-1.13106105270228,1.3230123857235,1.56698104788847,-1.00562373634418,-1.02315652010489,-0.524991043580262,1.84033584197227,-0.790138067736495,-0.0296534154845107,0.0141285492418138,0.836642515827673,-1.15974316280265,0.734665359158964,0.338353157106949,-0.911699413572046,1.14603331434602,-0.797482858467847,-0.688464982254306,0.529702595163834,0.553806312012149,0.384136832243714,-0.613798367668726,0.0681376154109848,-1.3869091253754,-0.0130726651902976,0.963617468136948,-0.363306811351483,-0.537908744065238,-0.313561109654647,-0.355593227960076,1.64506126404322,0.714160463066287,0.0109098895520981
"1578","Fjord","Møre og Romsdal",1,998,0.13129,-1.02937221460809,-0.745432546056935,-1.19209339730055,1.4294782792101,1.5616769402115,-1.22634815898552,-1.61989578280353,0.109849898196106,1.16233239431401,-0.79164650065609,-1.08379431601358,0.623226005444433,-0.519223837448823,0.571364559209509,-0.494067021586376,0.11073984993458,0.731526946306056,0.676287111249187,-0.54541821855386,0.759586815170693,0.525782084408329,-0.0218335269154689,-1.63240389056404,-0.464652230465016,-0.658467391923492,-0.245839501399847,0.416561543431208,-0.253259179363788,0.44525807604698,-1.0058256617045,-0.400533101461321,0.556389034789974,1.06595648850639,0.0988262428748237,0.447547122373959
"1806","Narvik","Nordland",1,3615,15.008466,-1.09629088667499,-0.491682745557205,-0.777815201672535,1.22110450680801,1.2248661027237,-1.24626282226856,-0.681978059339727,-0.449882149913726,-1.35797619713829,-0.621275542374413,0.407488508000042,-0.899517635062115,1.4882900198698,-2.88234143504507,0.880380417131969,1.15905427465325,-1.17623881503075,-0.371375644187752,-1.32961932050848,-0.741863188823541,-0.266701710062724,1.59783313975796,1.27930616504409,1.06092186884073,1.36336575511694,-1.09297547436514,-0.415443253969971,2.31108531406226,-0.651683275782965,-1.70104983410035,0.976523435477681,1.14141188182382,1.9540495281356,1.07521642732509,-0.976119950745847
"1826","Aarborte - Hattfjelldal","Nordland",0,665,9.707993,-1.09020737103254,-1.00288131677214,0.356188803804262,0.426612216967704,0.392121197438914,-0.245269368213917,-0.0765377845619861,-0.842015177012865,0.617451862477679,-1.02111421014147,-1.59334909659704,1.23232346164705,0.0437832730118517,1.02898423541868,-1.4116780623353,-1.88681915891016,-0.147717746936944,-0.855648487006504,1.27504862526937,1.16971577440318,-0.861606204788947,1.15401024534858,0.650562666622872,-0.945838253010269,-1.00607504639903,0.038929716479894,0.760023316382919,-1.05142972460014,-1.08781868838118,-2.33066599334361,-0.233836783831863,-1.04548117744628,-1.4272358775418,-2.28771607934922,-2.3832312776264
"1839","Beiarn","Nordland",1,587,0.196245,-1.21187768388145,-0.809443650525332,-1.01992886771908,0.861680501113519,0.500855404816864,-1.01841976548064,-1.10227532955072,-0.419005592677026,0.552384194832713,-0.932695964608909,-1.76810939264596,2.45051837405229,-2.42117751245074,1.01710633344986,-2.47500416105723,-2.00171395395477,-1.74485418882529,-0.796829061860068,-0.237339214214544,1.40743383357615,-0.705705436540962,0.0252537354611715,-1.5655291426857,-1.09371714423646,-1.07644775886767,0.0652300837640564,-0.2601831236906,-1.32423811868266,-0.251536076353799,-1.95344521464779,-0.0743881321862943,-1.04548117744628,0.348950201716637,-1.58917376559502,-0.970374743931281
"1840","Saltdal","Nordland",1,1324,0.053381,-0.907701901759189,-0.809443650525332,-0.535640077492072,0.841264899754596,0.890707319074393,-0.797965104205495,-0.182136242477314,-0.959261516369899,1.72123753546493,-0.917320489289722,-0.0213022384920524,0.0141285492418138,0.505120266566423,-0.714782505997207,0.372346836631492,-0.768081119580709,-0.825569314594731,-0.469397684724255,-0.601432582979191,-0.430386455828319,-1.00396611422436,0.923984820214862,-1.74126651509259,-0.129619980401674,0.164765684371548,-0.477416517891068,0.145418837243381,0.480412848812558,0.000535201582492013,-1.7948077690071,0.722855126041549,-1.04548117744628,1.38795245238576,-0.4712482850761,-1.2950687835577
"3006","Kongsberg","Viken",0,2544,7.35109,-0.469688775503136,0.607196803058323,0.0876733508156086,-0.0174955008851401,-1.43779595111683,-0.703692405668178,-0.116248397949316,1.99026812034814,-0.278601792258282,1.77786439946933,2.77049712794078,-1.20406636316342,1.53839036133413,-2.22744126869791,1.64833815509781,2.65922197765923,-0.739030889271163,1.55857431022765,-0.4333894897032,-1.21822129059226,0.669289685225666,-0.678578772383372,0.315196827022466,0.644466705752291,1.03710347107605,-1.65848934037573,-0.768847838375233,2.6183487026528,2.32239374940729,1.05725842368509,-0.429523765396879,0.891279153212047,1.23704324134586,1.90320300254287,-0.0290214774752957
"3038","Hole","Viken",0,1000,0.010795,0.369836383154298,1.97391944346139,-1.08981694024344,-1.14675507082633,-2.37662300994109,-0.895314823094929,0.462389990729652,2.21364192213495,-0.469595737119298,3.31161433851975,3.95901226572822,-0.899517635062115,0.773678655720969,-1.38318427476762,2.52262850293584,3.00475324592823,0.151737172500233,0.413857814510619,0.518854705527415,-0.922879267495653,-1.31088701497199,-3.39670391705273,-1.84668653276397,-0.462279285087748,1.22543172367108,-0.96252721652177,-2.72235895662791,0.951030095717337,2.48695504998385,1.04270899254152,-0.436771431380769,-1.04548117744628,0.868451327051197,1.11890590676807,0.661692989354731
"3039","Flå","Viken",0,2410,11.597039,-0.116844868241316,1.13210664390623,0.523929913777537,-0.502335950445101,-0.188678593189649,0.443172482866579,0.330412534700611,0.606756899012757,-0.0840018781966647,0.364181398025044,-0.0502903606275665,0.318677277343123,-2.42117751245074,0.106522028138575,0.0297195381544262,-0.00947539478428724,0.401306332202953,1.33268828076444,0.378818794464089,0.860928159724393,-1.8937800949341,-0.863822875757544,0.890744798891707,0.580329825671504,-0.259654548127446,1.56966733531657,-1.39235960903193,-1.27251026705696,1.41043921842738,0.991845640744511,-0.349799439574095,-1.04548117744628,0.348950201716637,-0.19872980609444,1.1557262946734
"3040","Nesbyen","Viken",0,3751,8.498979,1.09985826024772,1.58602241748825,0.875795740004918,-0.957196001534131,-0.586486668962638,0.849745573494506,0.802528106986586,0.11660630473829,-1.24033101906468,0.760841097102937,-0.29371744799529,0.927774733545743,0.773678655720969,-0.0234184770966402,0.0494107622048323,-0.00947539478428724,-0.0213917965056914,0.425370683193653,-1.04954749838183,-0.243607980763843,-0.228170843065421,-0.643207132052558,0.484350257448798,1.10469520370591,0.917798476524209,0.961312258816721,0.464500315088608,0.07135895663767,-0.572354513132118,0.924904154620823,-0.465762095316327,1.02418267101234,-1.4272358775418,0.383376737809843,0.520340267437231
"3041","Gol","Viken",0,2667,4.468795,0.801765993767906,2.24590951244174,1.06969820873616,-1.14675507082633,-0.769478383818212,0.599168949550623,0.833824410936926,0.178777919259079,-1.24672950897883,1.39687883546081,0.889243213976809,-0.290420178859496,0.712183523561193,-0.260843151546078,0.368408591821411,0.11073984993458,1.02116957196923,1.39865778602869,-0.0692961209385529,-0.674020575297448,-0.426781579227766,-1.28359127105176,-0.180077191942603,0.700431871874173,0.673175961399618,0.169934908498926,-0.200288113841018,0.493219718642843,-0.562650555779029,0.84412352138371,-0.451266763348548,0.737853301674973,-0.539142837912582,0.301013266567277,-0.095847610186635
"3042","Hemsedal","Viken",0,2265,2.609951,3.10741842225463,0.783896767990344,0.132997081405249,1.07898089666538,-0.101160816519592,-0.166574634702037,0.178710583797012,-1.18174164826403,-1.01303428359516,0.145271294719242,3.0235938483481,-1.81316381936604,0.592624298938608,0.209302729491386,1.11273686092676,1.74581352310846,1.67252739078791,1.06870173529727,1.52711326518336,-0.59119573115121,-0.0364656773738529,-0.770387390956724,-0.59333405835373,0.506780483515916,0.830750015127158,0.756163404332267,-0.0781911331591474,-0.197318875815815,-0.694996119970341,0.840880628007866,-0.371542437525763,2.0752697047917,-0.539142837912582,0.581509769833526,1.14178679726524
"3043","Ål","Viken",0,3073,10.118697,-0.360185493939123,0.488411434390226,0.827221017199428,0.914960869658143,0.349688336023129,0.0681791445766258,0.540758475885359,-0.784747008063619,-0.590455477825674,0.438049592326861,0.174525483670908,0.0141285492418138,0.592624298938608,0.280655558151769,0.919762865232782,0.392813990770312,0.598486908923458,-0.136953513756623,-0.629439765191856,-0.516745569761873,2.59795638026843,-0.110557697702292,0.704642871235443,0.868386917556292,0.733329429848834,0.427029150703472,1.19328264715497,0.488880842712337,-1.02788838610493,0.753807294924042,0,1.34113900832315,-1.4272358775418,0.254425301669207,-0.164078109792028
"3044","Hol","Viken",0,5832,17.772791,1.82988013734114,1.18948381970941,0.197299439363522,0.659842229881854,0.240954128645178,-0.278825926533695,0.402153614226109,-1.16548669366749,0.457596419698459,-0.1221772147532,-0.0125846325050933,0.0141285492418138,0.742763812233461,-0.74654357990699,0.651962218147259,0.499045563147595,0.779361074855605,0.96470168686264,-0.461396671915865,-0.680704955112589,0.103260362140698,0.558918362656695,1.56262442592384,1.6278063122967,1.69236476390436,1.03797874934062,0.74210154326939,0.45095085508964,-0.87500397755835,0.885352932721305,-0.0671404662024048,-1.04548117744628,0.634852302047198,1.36381007350459,1.6236379902954
"3045","Sigdal","Viken",0,5050,26.983523,0.187330913880943,2.08321375563117,0.275108285113027,-1.30131215163292,-0.0242512552034806,-0.0627814913984456,0.230783833874438,1.17245762893513,-0.408614863386057,1.32332085152358,0.164680924565665,0.623226005444433,-0.924877101086755,0.749561733101758,0.0218430485342638,-0.847178281120783,0.664843883229495,1.5843987807518,0.266790065613429,-0.51351862778215,-0.980094898267705,-0.563950883667385,2.37417348541382,1.45715863685062,1.13105437166352,1.23265697162136,-0.336527749350509,0.148366278029591,1.53261704078784,0.990090166752891,-0.364294771541874,0.737853301674973,0.348950201716637,0.522312749412218,0.649902517835124
"3046","Krødsherad","Viken",0,1763,0.972357,2.22530865410008,1.41715853905347,-0.18951918989884,-1.44938326589771,-0.186026539351163,-0.106396912002984,0.296667678884141,1.67594222178026,-1.08137404884356,1.47808396094366,0.226717253885664,-0.290420178859496,0.102646765156756,-0.168169345401857,0.329026143720599,-0.00947539478428724,-0.36195647240677,2.14571386099395,1.61113481182136,0.157608472048453,-0.551149748115275,-1.93675710199168,-1.11523641603261,0.209797810264584,0.199476019816821,0.650123834122639,-1.08119636082747,-0.406922042494279,2.14715314249752,1.00899786807867,-0.502000425235774,1.42774125116118,-1.4272358775418,-0.0243116687469452,0.431259118976134
"3050","Flesberg","Viken",0,3605,13.885255,0.187330913880943,2.2998133950931,0.0713023603836738,-1.12801750998985,-0.777434545333672,-0.501845706815599,0.216073431783261,1.68703578299634,-1.70841467642167,1.92402106113377,1.17472012418214,-0.594968906960805,-0.107740808431665,0.465926263614207,0.805553765740426,-0.615710361082965,0.36405967804521,0.129586506542256,-1.6376983248478,-0.355244806871899,-1.92581075581614,-1.21247342284087,1.15677321272577,1.05763852651943,1.07154403381027,1.25562289132031,-1.94907293375902,-0.148691339123581,2.12306385932031,1.00359540797011,-0.407780767445211,0.556389034789974,-1.4272358775418,0.0674054256264823,0.277510746771732
"3051","Rollag","Viken",0,2421,11.159153,-0.23851518109022,1.69771482949134,0.463607443763593,-0.770427223024935,-0.766826329979726,-0.0248368924492184,0.252632993620805,0.875489775378594,-0.203083918933712,1.17177500346594,-0.255743291707175,0.623226005444433,-0.407145376112206,1.14670358451109,-0.415302125384751,0.28295164502941,0.760206893411452,-0.0240678442383618,0.826933709866732,0.826353781370212,-1.14193656574565,-1.56597915137466,0.836924937772015,0.585727534863402,-0.21884911635883,1.38476055435625,-0.518170066506628,-0.964117792469871,0.844685728289042,0.943312252399318,-0.386037769493542,-0.355593227960076,-0.539142837912582,-0.377703566922999,0.518578308826499
"3052","Nore og Uvdal","Viken",0,4095,12.98327,-0.0560097118168642,-0.179533653874132,0.608987272661303,-1.27619181912429,-0.546705861385339,0.238724867969866,0.786880578671031,-0.706036755127785,0.797366590706378,-0.342870740560608,-0.73323217097508,0.927774733545743,-0.640604286051818,1.03491541680717,0.124237413596375,-0.264561855998131,1.35755183799118,0.067845037166804,-0.377375125277869,0.0792398811123091,-1.18809059303232,1.05594971754974,1.05473806180897,1.20869721452478,1.03040943712985,1.29699141711183,0.494162098108363,-0.270567701274027,-0.375971705488492,0.898299360176525,-0.0236544702990679,0.334294721526131,1.52294534167642,0.0918424949145461,0.456537971670407
"3405","Lillehammer","Innlandet",0,1735,3.255731,0.844350603265022,0.95885504125715,0.880107139223116,-2.27694475516755,-1.13546181352936,1.65701021498243,0.551522797573237,1.02925590358074,-1.45086282972061,2.50907467482128,1.82832395143457,-1.20406636316342,1.64586654923538,-2.463593978,0.868565682701726,2.68695760622002,-0.228392966049481,-0.669380704897681,-1.13356904501983,-1.25348715651352,2.41727800213876,-1.49101882231779,-0.436768024984556,0.190821988761167,0.641714399894934,-2.21600538978499,0.640484617956836,2.64140932008999,1.36780796405726,0.945867107964101,-0.42227609941299,-1.04548117744628,-0.0196417125780211,2.49627967724866,0.87669065757013
"3411","Ringsaker","Innlandet",0,7286,13.196985,0.978187947398816,2.40713522010413,0.826091640474689,-2.4853279415303,-1.14076592120633,1.32730089423092,0.753956150394242,1.32303864134455,-0.962770154266686,2.85996828415436,1.3726575343278,-0.899517635062115,0.534130833323529,-1.02026194856869,0.309334919670193,0.226574159704754,-0.450397619158249,1.20858164526864,-0.153317667576548,-1.3343912018623,-1.28075865125505,-0.0517702279794333,1.07922660161489,1.89164465842587,2.13775591822294,-0.701225059367053,1.28012636228601,2.89128804811752,1.5691303671612,0.924621991984218,-0.502000425235774,0.737853301674973,0.868451327051197,2.19933592561456,0.121602506857176
"3421","Trysil","Innlandet",0,6926,15.73603,2.0123856066145,0.308727849433614,0.90352426497932,-0.465068003440661,-1.30254120535402,2.66044525534199,0.778381002016772,0.770594417359431,-0.821563033780845,0.29523479928942,-0.199105729136511,0.623226005444433,0.131807013965776,-0.0234184770966402,-1.0139153365171,-0.264561855998131,-1.04868880026416,0.19172216067444,-0.685454129617186,-0.591349395055006,-0.47196825046063,1.46721834382289,1.35624208031586,1.83158355594137,0.843937664667675,0.834136362721304,-2.05951972594776,0.905804253626682,0.142384704786909,0.76908302912,0,2.4931493654483,-1.4272358775418,0.905355482369521,0.378169558664375
"3422","Åmot","Innlandet",0,2106,6.484299,1.19536945583411,0.187918675133334,0.798629539745291,-2.12907959705843,-1.41923157424743,2.12778225735172,0.793397733007555,1.15755636130485,-0.655685340895388,0.786713695384435,0.35653349890692,-0.899517635062115,0.332968923644652,-0.822607840847839,-1.52194891701757,-0.134437915033371,-1.71180639728405,-2.33668466394007,0.994976803142723,-0.393122959157702,-0.482054971824997,0.171581962363517,0.178504762556694,0.420510231200574,-0.0579485902057064,-0.285195128187489,-0.548153521683197,0.366447134358632,1.03500825995089,0.890855662716205,-0.393285435477432,0.0479653521887664,-1.4272358775418,0.66327978307671,0.619897134068682
"3423","Stor-Elvdal","Innlandet",0,2098,13.855084,-1.02937221460809,-0.491682745557205,0.723040186144124,-0.0197115430978744,0.352340389861615,2.12280776073,0.916204959473855,0.143494120602534,-0.0767188676629062,-0.113388123145866,-1.50251303576724,1.84142091784967,0.218479498748578,-0.0469986584223395,-2.01816776308781,0.750302724821246,-2.78127827234458,-1.22288390808281,-0.0412889387258878,0.162064725258547,-0.198410533019566,0.9562505394734,1.15341471475327,0.415999147467795,0.724302824376079,0.31708753312453,0.320277390398508,-0.338841232601953,-0.477940075470983,0.658546948986099,-0.400533101461321,-1.04548117744628,-0.539142837912582,-0.271715251753764,-0.0362065389078451
"3424","Rendalen","Innlandet",0,2279,18.806353,-1.18146010566922,-0.618102112821439,0.900359987475378,-0.232184234827,0.214433590260312,2.37622324324214,1.17116363008899,0.0553012601132303,0.205288108182159,-0.545249250368237,-1.64282754607978,2.45051837405229,-0.872452514044827,0.780652975706292,-1.8094407881535,-0.615710361082965,-1.72833608495168,-0.219989181297173,-1.38563368493381,0.341928324652187,-0.188481303014796,1.53033101012902,1.66282594880908,0.514084204460971,0.506565223760762,0.952845724169882,-1.11504250798196,-0.692227387778164,-0.764692288180456,0.697746924735622,0.483682148573196,-0.355593227960076,-1.4272358775418,-0.858508565835438,-0.550935590710053
"3425","Engerdal","Innlandet",0,1668,6.636621,0.79568247812546,-0.618102112821439,0.78110646919302,-0.0832771348580961,-1.09833305979055,2.45449963301883,1.00179649091133,0.0402982097722836,0.5282924271786,-0.641946492329289,-1.50822913684764,1.84142091784967,-2.42117751245074,1.30313461131632,-1.38017210385465,-0.847178281120783,-1.18471295905361,-0.857951933670359,-1.35762650272115,1.08397131608481,0.247422032521981,0.791397049035418,0.203159422098627,0.144142932851537,-0.0677563557867917,0.944177076194786,-1.69944084908571,-1.0702579612719,-1.14817829415737,0.472125772347904,0.302490498975959,-1.04548117744628,-0.539142837912582,-0.541601318591708,0.383387514657369
"3426","Tolga","Innlandet",0,710,7.390285,-1.51301170818248,-0.681652603275862,0.952968676492317,-0.454889165245807,-0.761522222302753,1.21269546466206,1.31559909980254,-0.914997456660355,0.075362601599287,-0.417635197628064,-0.931003577715108,-0.899517635062115,-0.0462456762718885,1.59407453241838,-0.159316212729472,1.24343062351482,0.476094928037973,0.185490324210469,-0.461396671915865,0.243660258174414,1.64580383138197,-0.0876959395359944,0.32118195248777,-0.868228191789926,-0.271619491912108,-0.0264728281904495,0.434656799182442,-0.816578492630515,-1.32134843578548,-0.537909268711743,-0.436771431380769,-1.04548117744628,-0.0196417125780211,-0.94247038146915,-0.539456466086334
"3427","Tynset","Innlandet",0,1859,6.821514,-1.02937221460809,-0.491682745557205,0.907729336147284,-0.957196001534131,-0.358410038852791,0.900278620986193,1.32588156608736,-0.75256629034751,0.431652054327159,-0.10214694015037,0.593610564800383,-0.899517635062115,0.361539525480799,0.308754622726328,0.317211409290355,0.983602759472879,0.923908089183668,-0.565604100730498,0.238782883400764,-0.640368180366045,1.04722513076748,0.712578015548498,0.232708877375349,0.272643804268536,0.6293506150417,-0.348163027024057,1.09250777395835,0.7058702767267,-0.238102574628271,-0.0189011117680863,0,0.556389034789974,-0.539142837912582,0.339209670831953,-0.281143558539989
"3428","Alvdal","Innlandet",0,752,4.979248,-1.05978979282032,-0.618102112821439,0.195222026239746,0.169597702071091,0.0738747368205232,1.37657175482046,1.36618567937187,-0.779737604993222,-1.67094158380193,-0.0271653582607087,0.467695731696212,-0.899517635062115,-0.202824305427507,0.737068180008078,0.939454089283188,-0.470473023942226,1.58022272171673,1.4594123278848,-0.209332032001879,-0.0995480709547558,-0.131552175027773,-0.367194204797715,-0.0826781538053052,-0.800108210935512,-0.147143941569282,-0.353723902993504,1.02767579158186,-0.275420680662446,-1.03857937501047,0.606918672361116,-0.451266763348548,-1.04548117744628,-0.539142837912582,-0.577147617786987,-0.589516900870647
"3429","Folldal","Innlandet",0,537,3.337895,0.491506696003202,-0.809443650525332,0.124097931768849,0.273699646491101,0.591025235325408,0.763311111941453,1.47287150998821,-1.30722659464416,0.894900194381048,-0.437473269052523,-1.03114108547412,1.53687218974836,-0.170704668538369,1.05858970570435,-0.880015012974335,-0.400317866163943,-0.237331661131209,-0.409247926079004,0.378818794464089,0.344386947112928,0.8146674990303,0.130752671307654,-0.418007756362251,-1.19923925936361,-0.311504263123952,-0.49153287748372,1.07999494430143,-0.832786821717283,-0.934578246516579,-0.323164383246565,-0.161360123992968,0.0479653521887664,-0.539142837912582,-0.305542764424156,0.480495103837457
"3430","Os","Innlandet",0,1146,9.928583,-0.26284924366,-0.428810543307134,1.10288135193627,-0.918963857600263,-1.15933029807574,1.09172006450177,1.09435582956372,-0.605163854874099,0.480277785236252,-0.140225718940105,-0.753245846881055,0.623226005444433,-0.0768259649441565,1.4633194055397,0.167558106507269,-0.847178281120783,1.23779141081555,-0.145404366209092,1.83519226952268,0.262868246148959,0.541810658248199,-0.223649602092904,0.679748425740495,-0.300751356534201,-0.271619491912108,0.260118728721471,0.494543520980495,-0.603769435385124,-1.43623942425418,-0.596159108235169,-0.407780767445211,0.556389034789974,-0.0196417125780211,-1.01991977635972,-0.906730722687447
"3431","Dovre","Innlandet",0,659,5.196956,-0.834699714049847,-0.873687645200425,-0.250048751439739,0.875755960987357,1.23282226423916,0.464418219823116,0.814382032171372,-1.3702079268691,2.02749466343914,-0.56086261775066,-0.606546711689053,1.23232346164705,0.218479498748578,0.209302729491386,-0.639782079559381,-0.198826731484555,-0.62589987403261,0.0444828179783735,0.574869069952745,-0.191285421521183,-0.240149842533637,0.238286295945835,-0.0426636403701462,-0.956581098333847,0.276148936142497,-0.597861869750383,0.64072832695219,-0.249922697680879,-0.498308811103982,0.670318948508729,-0.378790103509653,0.0479653521887664,0.348950201716637,0.22532707157636,0.642557304763465
"3432","Lesja","Innlandet",0,2164,3.263443,0.223832007735614,-0.618102112821439,-1.4748934630206,1.22962877088813,0.832362134627688,-0.23464694164924,0.641158136561666,-1.6457003739106,2.25470952834846,-0.94127595477537,-0.974211938876555,0.166402913292469,-2.42117751245074,1.54863911646624,-0.308969515512559,-0.00947539478428724,1.0309361967234,0.0961983329642929,0.294797247826094,0.277235821153919,-0.153607941114468,0.987200592167385,-0.434997174013616,0.452712013862716,0.174526522126644,0.965263521572707,1.15839719499518,-0.522636089270743,-0.406191139470564,-0.200602622211839,-0.458514429332437,0.891279153212047,-1.4272358775418,-0.399046288753702,-0.024322037343638
"3433","Skjåk","Innlandet",0,719,1.012589,0.126495757456491,-0.938166278047775,-2.86041932416,1.53155188796385,1.05513465706056,-0.554465516219729,-0.0221198779586075,-1.53496118474119,2.14096950112166,-1.05753565236374,-0.360978730360425,0.927774733545743,-0.336504251711131,0.699383870091137,-0.805188361582792,-0.69095853207343,0.115122947224608,0.665724439127459,0.714904981016071,-0.36239017839843,0.225474263236521,0.832656585206837,-1.0984935121871,-0.853297872082119,-0.459394345195121,-0.466766261640724,0.315533938999843,-0.427743392730952,-0.636400176211905,-0.820405161271439,-0.436771431380769,0.0479653521887664,1.23704324134586,-0.866938247163006,-0.869329502238821
"3434","Lom","Innlandet",0,271,0.302656,-1.06283155064154,-1.06783454911533,-1.84870475655865,1.44659508533858,1.81627410870621,-0.183435247477809,0.282630551375218,-2.07308366654805,1.52060248203586,-0.989761387533297,-0.873684622450699,0.623226005444433,-0.0159696256444374,0.718264798628253,-0.541325959307351,-0.071338574898121,0.271364409504935,0.385781131697804,0.266790065613429,-0.203578533824892,0.633411957667806,0.767624848375977,-1.47669018818894,-2.00983166502839,-0.846195474462907,-1.55375297433939,0.558684886425466,-0.39503216041639,-1.11148208223865,-0.3845044008054,-0.342551773590205,-0.355593227960076,0.634852302047198,0.903984810906966,1.87682548805049
"3435","Vågå","Innlandet",0,1072,2.712699,0.79568247812546,-0.618102112821439,-0.819034583268471,0.881019429049753,1.56698104788847,0.320463078487921,0.586480237537221,-1.21118778719635,0.4131573800678,-0.273797257848398,-0.222669920085512,0.0141285492418138,0.361539525480799,0.238039020243214,-0.730361710191249,-0.264561855998131,-0.147717746936944,0.399807853750428,1.13501271420605,-0.518820032463124,0.738078873433577,0.12031819870276,-0.567222015000181,-0.379871028905828,0.110379666799623,-0.429396348051689,0.970138078161833,0.181605447238371,-0.444518492153781,0.679460684112586,-0.393285435477432,0.334294721526131,-0.539142837912582,0.972020526797359,1.31849516458571
"3436","Nord-Fron","Innlandet",0,2515,4.017419,0.0687023588532619,0.783896767990344,0.320142656036604,0.0529068534987619,0.596329343002381,0.914638020483814,0.96730717676491,-0.373693299868677,0.0537525312620469,0.448566686396946,0.0326657552601889,0.623226005444433,0.651906932573252,-0.102844494088036,-0.990285867656609,-1.01173905216627,-0.808294685780775,0.425370683193653,0.994976803142723,-0.558618983546381,-0.185155476127589,-0.095549400246449,-0.270952610380318,0.630877591187982,0.776763629219456,-0.0751270480642804,1.05118465216372,0.715841247835684,-0.133278433353581,0.619761039767319,-0.13236946005741,-1.04548117744628,-0.0196417125780211,0.240037104028273,-0.448546828169521
"3437","Sel","Innlandet",0,2079,3.668017,-0.542690963212478,0.607196803058323,-0.314675509957143,0.839746330904006,1.22751815656219,0.886351973236018,0.953832449931935,-0.730837766371564,0.422744336108912,0.485198084423713,-0.418359188657941,0.623226005444433,0.418763410240952,-0.330517845050104,-1.56920785473855,-0.928358407766662,-1.30297922254447,-0.335774398985234,0.238782883400764,-0.416018880823359,-0.465939190594634,-0.420601119564584,-0.344864554510954,0.405216008418094,0.652715103113859,-0.222330064459338,0.38872763331374,0.69517025581323,-0.323849331297813,0.729949860884232,-0.386037769493542,-1.04548117744628,0.634852302047198,0.778061491072415,0.421077349097918
"3438","Sør-Fron","Innlandet",0,1924,2.142759,-0.299350337514671,0.783896767990344,0.572357806980781,-0.384254552632792,-0.0189471475265074,1.17830637801871,0.92136191951792,-0.34098507766298,0.748150230569603,0.527313801994994,-0.185341805011709,0.318677277343123,-0.0159696256444374,0.558341358393014,-0.450746328675482,-0.69095853207343,-0.78235191705815,-0.353586838932278,-0.657446947404521,-0.689463797628982,0.0924207004783317,-0.770852813151809,-0.719128781352572,0.31337928478291,0.777301745698092,0.394640649581168,1.18001904079727,-0.00709666062668537,0.343022791430694,0.7314396770765,-0.451266763348548,1.42774125116118,-0.0196417125780211,-0.0115107743659246,-0.00990735029552013
"3439","Ringebu","Innlandet",0,4369,3.028441,1.22152857309662,1.24667638209977,0.941829075660625,-0.056466868559209,-0.408799061784036,1.84619386471197,0.874285287190708,-0.300645370839807,-0.806271382238708,0.343365129885741,-0.327465328300915,0.318677277343123,0.275807072118678,0.28770323608869,-0.887891502594498,-0.768081119580709,-0.599688727712522,1.70133792818648,-0.54541821855386,-0.709901096833898,-0.500345737814658,0.0812501741151906,-0.489934583800857,1.28546513406335,0.905537582798711,0.835306998589719,1.33424050488961,0.419114457047558,0.573324019294939,0.795187684208073,-0.393285435477432,-1.04548117744628,0.634852302047198,0.699901589240929,0.616702958237879
"3440","Øyer","Innlandet",0,3542,5.217953,2.34697896694898,1.91901997809737,1.56630851316892,-1.84138950523191,-0.772130437656699,1.98398391863452,0.55846256348832,0.248723252849475,-1.41066777319661,1.03373955970094,0.888664705597941,-0.594968906960805,0.622154574277453,-0.420597401179814,0.206940554608081,0.392813990770312,-0.370821880485819,0.90579298629336,-0.265346396427209,-0.723961344031265,-1.16613294250424,-0.997060018717146,-0.0388491112692027,1.03674166326479,0.0659788849510346,0.630629894859671,0.35547724140836,0.594506898929661,0.673506526873095,0.874439964303443,-0.371542437525763,1.88511282436935,-0.0196417125780211,1.02021055075471,0.917874262989974
"3441","Gausdal","Innlandet",0,3100,5.1465,0.388086930081634,0.368824978318483,1.21016546208036,-1.48488390882597,-0.0852484934886722,1.22595018652998,0.751089314526067,0.106292052590809,0.909643290139541,0.612425341452773,0.282025971481,0.318677277343123,0.218479498748578,0.230879855396177,0.222693533848406,-0.470473023942226,0.46672457348663,0.433054720200597,-0.853497222893177,-1.06263658799844,-1.1572710268177,-0.0185833055144334,-0.0518616207218839,0.878755594447265,0.178404852888904,0.170290155944127,1.31794994554862,0.807494911681165,0.570693404286147,0.817575620541583,-0.400533101461321,1.42774125116118,0.868451327051197,0.808275278422928,0.338981453490712
"3448","Nordre Land","Innlandet",0,2672,5.006441,-0.25068221237511,0.547903563266936,0.938771714297452,-1.38497033727587,-0.326585392790952,1.21049494767448,0.479402456919924,0.687153640376438,-0.684752305789974,1.42357964716093,-0.0350065758024255,0.318677277343123,0.189701066427675,-0.286735502172937,-1.27777773879254,-1.4665540193283,-1.13381400340292,0.510290690498147,-0.265346396427209,-0.788961175337125,-1.06911601748867,-0.364776350244587,-0.0776329384287951,0.702651924630445,0.602888358844796,-0.127164489125144,0.784425848722543,0.901113286117342,0.776523955243448,0.911424450948243,-0.465762095316327,0.0479653521887664,-1.4272358775418,0.404486380880985,-0.403785641920844
"3449","Sør-Aurdal","Innlandet",0,3567,13.402006,-0.299350337514671,0.90072695443235,0.942846346503735,-0.883359853946344,-0.809259191395511,0.842067452235662,0.506787295495114,0.608595431499516,-0.142784029514688,1.16240884889028,-0.837747528273786,0.927774733545743,-0.558522830038094,1.00520731956674,-1.44712226562603,-0.69095853207343,-0.219449268733847,0.49865865736266,-0.0692961209385529,0.0935306241653706,-0.311154569517109,-0.129986179841549,1.10253326989334,1.04507821345625,1.22889287311228,0.962287127843054,-0.141782641467456,-0.077021461740305,0.607664966896949,0.952835917737797,-0.444019097364658,-1.04548117744628,-0.0196417125780211,-0.399504472429894,-0.539160113774802
"3450","Etnedal","Innlandet",0,2506,3.418858,-0.573108541424704,2.19184229737668,1.00995329059439,-1.09246526185349,-0.994902960089572,1.04345170288321,0.546585922016811,0.290388667275406,-1.16529646771148,1.9938799684431,-0.437314959444268,0.927774733545743,-0.728139277496138,0.655014565457292,-1.45106051043611,-0.470473023942226,-0.228392966049481,-0.660077930847956,0.0427326079121076,1.03664283371553,-1.2027572908457,-1.51915837302904,-0.399746251260546,0.626628404250973,0.499525859992549,1.37682597515048,-0.571459054814469,-1.06741464792129,0.534388913438174,0.896990262554516,-0.458514429332437,-0.355593227960076,-1.4272358775418,-0.646205099696547,0.21566973834674
"3451","Nord-Aurdal","Innlandet",0,4806,5.669621,0.403599894969869,2.08321375563117,1.30347817492625,-1.35555033471938,-1.03733582150536,0.650204574078769,0.915926879876945,0.0360292782569542,-0.584042875030761,1.75635294662393,0.190094540895216,0.0141285492418138,0.505120266566423,-0.102844494088036,-0.210513395260528,-0.071338574898121,0.252896495829834,0.462576092600288,-0.48940385412853,-0.751390350858915,2.5341586454748,-0.492049761856852,0.0414218480085186,1.39845960157556,1.34810971597864,0.546014446507183,0.69243804935457,0.860100456455606,0.101019466411993,0.867679234066243,-0.400533101461321,-1.04548117744628,-0.0196417125780211,0.622345409856154,-0.0139931566327659
"3452","Vestre Slidre","Innlandet",0,2740,5.829324,-0.185284419218824,3.03787043879957,0.83060216003819,-0.371198886711555,-0.28150047753668,0.124564210288648,0.804667707581341,-0.102157293780576,-1.75059423985638,2.13558535742277,-0.259960365920644,0.318677277343123,-0.371462189336038,1.36625427547832,0.0572872518249948,0.0512017102797852,0.817752395621908,-0.46351167361519,-0.377375125277869,-0.2454519476094,-0.111155568593834,-1.62060192295825,0.0690343494520781,0.732438945178326,0.639253603136599,1.06843903565662,-0.168001636013731,-0.450061801196549,-0.501444170311126,0.755716459514569,-0.407780767445211,0.0479653521887664,-0.539142837912582,0.195277276570258,0.826224932675053
"3453","Øystre Slidre","Innlandet",0,3605,9.816701,1.07856595549916,1.07454362142451,1.15477347107541,-0.0332025379297371,0.516767727847784,0.304706259740944,0.679936221425668,-0.497685488963902,0.198499953884665,0.43028592321917,0.943284265506464,-0.290420178859496,-0.235420312596318,0.551813619599452,0.447173488023035,0.446367566969566,1.48863114554039,0.879923632226011,-0.265346396427209,-0.654735755371005,-0.145061510831752,-0.425882324015048,0.664986552379713,1.05763852651943,1.14240042593467,1.00940719958664,0.574105352114082,0.0637057365616037,-0.939289650870284,0.678866386001046,-0.357047105557984,1.24627698427618,0.348950201716637,0.880316331825143,1.31036010194355
"3454","Vang","Innlandet",0,1818,8.018424,-0.0560097118168642,-0.30373292383306,-0.595292693866311,0.946453727363332,1.11347984150727,-0.428855735642537,0.160530402749728,-1.34411420365224,-0.928104182659027,-0.576087483558505,-0.15432336779114,-0.290420178859496,-2.42117751245074,1.42341089209671,-0.230204619310934,1.28483454465385,0.617413176961114,0.0740019706690705,-0.237339214214544,0.513263577385128,1.12353550761146,0.191805650363496,0.415018950512577,0.246209900105555,-0.0219871772235938,0.982157922155536,0.476247548782754,-0.789296722871866,-0.819756546176585,0.67635537877381,-0.364294771541874,0.737853301674973,1.06595648850639,0.548260535627734,1.77249999819863
"3815","Drangedal","Vestfold og Telemark",0,1412,11.582086,-0.116844868241316,-0.241524288758242,-0.376472843225579,-0.0447089933957245,-1.61017945061846,-0.760129443857922,-0.46179903509343,2.48372907582333,-0.631542987516209,0.498314068645142,0.14026457423149,0.0141285492418138,0.0140309147160525,-0.102844494088036,-1.38411034866473,-1.09744799110848,-1.56250353104218,-0.655424723301519,-0.909511587318507,-0.492082513202557,-1.52987341372999,-0.241565704639489,0.888923878159821,-0.0533472153277693,-0.48133066939338,-0.257259491661807,-0.888651492561567,0.337180264195644,1.21271534059489,1.01090576640628,-0.451266763348548,1.02418267101234,-0.539142837912582,-0.418536952604062,-1.04695509739777
"3818","Tinn","Vestfold og Telemark",0,3557,13.644296,2.68157232728346,-0.117759453355668,0.178444021999687,-0.491414762962125,0.726279981088224,0.448169784990158,0.385374878349423,-0.472034083586659,0.0271306644319396,-0.317842285999664,-0.877649977591679,0.623226005444433,0.836642515827673,-0.65266651367046,-0.0136011547564672,-0.69095853207343,-0.903104433315617,0.506411486074262,0.518854705527415,-0.342644366760597,0.852467752348177,0.734493287567694,1.12984801194366,1.04175062614982,1.05446910738141,0.169461320890488,-0.365419095574448,0.691078865795697,1.33175611890426,0.93224906506751,0.0923081854431639,1.64983556442502,1.52294534167642,0.988398406324375,0.756447778661145
"3819","Hjartdal","Vestfold og Telemark",0,2476,8.433016,-0.26284924366,0.547903563266936,0.0853513126710122,-0.329878570182041,0.476986920270485,0.304360837857745,-0.151780863944733,0.366909131020448,0.480278845842671,0.339947016703081,-0.24808857133979,0.623226005444433,-2.42117751245074,1.45192430001455,-0.297154781082315,-0.928358407766662,-0.468029669801838,0.901701917030698,-0.321360760852539,0.387412840175909,-0.667110121663598,-0.715168398164626,0.474951761453519,0.612353412519564,0.415643019396574,1.28994252919026,-0.236515731402086,-0.808175784163407,1.02612255441094,1.0234717754934,-0.335304107606316,-1.04548117744628,-1.4272358775418,-0.264817777611076,0.516120441477125
"3820","Seljord","Vestfold og Telemark",0,1399,7.483129,-0.846866745334737,0.0051458241396611,-0.144293696952425,0.1029626088627,0.0579624137896037,0.258329055910097,-0.262118097017543,0.546071950533574,0.0246353849349743,0.525150981903075,0.274955848958373,0.0141285492418138,0.304398321808506,0.172999608811157,-0.47437579753597,0.798308670767022,-0.617167227678858,0.814992577446808,-0.237339214214544,-0.373684475327462,1.1475557404953,-0.867471467058211,0.335296333223836,-0.0643104494186537,0.288385583895839,0.0132985738305025,-0.172148703810243,-0.077021461740305,0.706950633913482,1.00036446153252,0.418453154718191,-1.04548117744628,-1.4272358775418,-0.760142825469844,-1.10608437542189
"3821","Kviteseid","Vestfold og Telemark",0,1227,4.986227,0.415499251566492,-0.179533653874132,-0.711139654817412,0.255186868196219,-0.872908483519189,0.072147252346895,-0.241884762206372,1.35899298077001,-1.3209953659125,0.67682359938576,-0.552829125575314,0.927774733545743,-0.202824305427507,0.315741652249381,-0.446808083865401,1.20150866365415,-0.379682544026902,0.543989191459039,-1.27360495608315,-0.337496625983419,-0.497250589281975,-0.980314572685358,-0.0813820033212693,-0.219802797870708,-0.499978350769099,-0.0179084926493163,-0.305998388618922,-0.272021516371998,0.628322301942812,1.07930776265492,-0.342551773590205,0.737853301674973,-0.539142837912582,-0.549370398000128,-0.549772761198065
"3822","Nissedal","Vestfold og Telemark",0,2430,7.456928,0.61926052449455,0.368824978318483,-0.28692832670017,0.257869391890651,-1.35293022828526,-0.363151795235594,-0.417167459765314,1.8406228984308,-1.00969794580513,-0.0173146573197613,0.414192993549701,0.318677277343123,-0.0159696256444374,0.223704185032816,-0.0529836028572794,-0.615710361082965,-0.379682544026902,-0.887875736598505,-1.52566959599714,0.715101115021647,-0.10257800013455,-0.614100775197396,0.331322102190317,0.590125632006319,-0.403104214473043,1.42456078792061,-1.54901028228573,-0.926532015405483,0.876642090482745,0.947504135992003,-0.4150284334291,-1.04548117744628,-0.539142837912582,-0.290313296098516,0.612592260195964
"3823","Fyresdal","Vestfold og Telemark",0,1323,9.930883,-1.00503815203831,-0.554779384209948,-0.0651666329269238,-0.13574954980506,-1.08242073675963,0.17672006925307,-0.364294521709657,1.09074258673727,-1.09517217944999,-0.351564356316587,-0.0657500597020091,0.623226005444433,-0.268534730915918,0.571364559209509,-0.104180785388335,0.338353157106949,-0.0485485044562405,-0.42106192824465,0.0707397901247728,0.877754357190094,-0.298785889630524,-0.0741419737861346,0.680051016218119,-0.130515549632084,-0.455783722799797,0.869026444796794,-0.291897865682132,-1.12362783972356,-0.6090990201519,1.01636463628691,0.179280177249838,-1.04548117744628,1.06595648850639,-1.78441075615689,-1.50873728687792
"3824","Tokke","Vestfold og Telemark",0,1162,9.68622,-1.00138804265284,-0.366161141964503,-0.0516942470648251,-0.375514897417787,0.150784298136634,0.268688527143575,-0.477632760878523,0.445574095698905,-1.67934425055127,0.396310541246072,-0.773247383436924,0.623226005444433,-0.443618144493181,0.294735548893339,0.537753118654903,-0.198826731484555,0.0330665694270964,-0.9774272395661,0.266790065613429,0.313961494161249,1.0905120481191,-0.392171499683901,0.647664032076389,-0.284317321065066,-0.327269642840573,-0.0104664166881953,0.284385687699248,-0.433839309740394,-0.612708933414692,0.974825713996543,0.128546515362611,0.0479653521887664,-1.4272358775418,-0.520594295029551,-0.317843041616676
"3825","Vinje","Vestfold og Telemark",0,5713,7.150154,1.57765757880536,-0.179533653874132,0.172078223006572,-0.161154369297486,0.172000728844527,0.0947584129226517,-0.107832767903493,-0.695714283810982,0.510155648926846,-0.607350349790741,-0.076452663735085,-0.594968906960805,-0.170704668538369,0.465926263614207,0.577135566755716,0.601893513039361,1.01141034553409,-0.210391594819744,-0.685454129617186,-0.216793629551379,0.461270809543642,1.34693540983071,0.284259930132839,1.60337079767946,1.08037525574415,1.23012600899026,0.414065975106711,0.234702328843119,-0.319401495403593,1.0482562272937,2.97687924703118,1.9847256828471,-0.0196417125780211,0.540265124470386,0.578515421209848
"4220","Bygland","Agder",0,853,20.921334,-1.05978979282032,-0.809443650525332,0.0179909067154721,-0.103653100380091,-1.15667824423725,-0.11176305856148,-0.826154586418508,1.2304910582356,0.427168457758099,-0.65512148014383,-0.949700856403071,0.623226005444433,-0.30221296594519,0.377973115710762,-0.285340046652071,0.338353157106949,-1.50417301082283,-1.34677234399994,-0.349367943065204,0.851170501833324,0.641805732611426,-0.0131856798730258,1.8596259312561,-0.650734671073267,-0.760089805939346,0.206551832143074,-0.445386097939496,-1.18890547634263,0.296951808873394,0.0441045405025655,0.316985830943738,-1.04548117744628,0.348950201716637,-1.18079286598809,-0.484536074394612
"4221","Valle","Agder",0,1441,5.167272,-0.00734158667730284,-0.491682745557205,0.0853513126710122,-0.245568338013361,-0.5148812153235,-0.325154604948597,-0.732881077585801,0.149301370810073,0.913312558727326,-0.651996906257166,-1.44649510974794,0.318677277343123,-2.42117751245074,1.06449595758644,1.05760143358562,0.55087803247087,0.904543018373461,-0.476457805686296,1.02298398535539,0.764504060092177,1.13759450653024,-0.0416163738149165,-0.0480695103062682,-0.0292501436887064,-0.562050717496774,0.765694016687386,0.168056798922197,-1.15276353561124,-1.44184473816958,0.445126194869642,4.4119171118413,0.334294721526131,1.06595648850639,-0.743826486308994,0.160678060903162
"4222","Bykle","Agder",0,2732,7.059666,1.30061427644841,-0.179533653874132,-0.558137178090441,0.104731135103068,-0.859648214326756,-0.574715558271694,-0.783733754949065,-0.58729771135357,1.92955020867099,-0.905849550254677,1.49163008886505,-1.50861509126473,0.160817580722882,-0.971945390171601,1.66802937914821,0.892260493345533,2.00680545267176,0.342570285312349,4.38384585087521,1.88302361582588,1.75668017096572,0.122785505657266,0.270186171260849,0.728973194697215,-0.48133066939338,1.77622171851813,-1.38485422492399,-1.4183306755066,-1.46725846844527,0.764520379067052,-0.306313443670758,1.14141188182382,1.23704324134586,0.41715702296848,2.29213870878717
"4224","Åseral","Agder",0,2244,7.399511,0.199497945165833,0.127203738669081,-0.18951918989884,-0.337887601812989,-1.41923157424743,-0.285307711219822,-1.28714821097938,1.39532882076397,0.426858207484868,-0.250780729398353,1.00415718058369,-1.81316381936604,-2.42117751245074,0.823853011810226,0.147866882456863,-2.51113717934182,2.00680545267176,0.746645013468566,1.58312762960869,1.06284252931281,-0.58031682138848,-0.592058978945901,0.322588464944946,0.495739817207103,-0.671743064294912,1.896151358837,0.275945216721463,-1.44794401014781,0.734750200846979,0.0353675587373601,-0.0598928002185153,1.34113900832315,-0.539142837912582,-0.77676977010599,0.449448952977268
"4228","Sirdal","Agder",0,4221,13.785154,1.82988013734114,0.428719037258429,-0.684706044818491,-0.513489767846434,-0.16481010864327,-0.851685967683643,-1.64233455181619,0.959919360372762,0.532179723173616,-0.400136672605184,0.899831285526308,-1.50861509126473,0.275807072118678,0.136252810080918,1.61683219661716,0.28295164502941,1.79674441017174,0.174283365043407,3.2635585623686,0.634504397480456,0.070242127388053,0.265728706227106,1.14561633841081,1.24461771555352,0.715195623145496,1.65054621117286,0.506100998123667,-0.632968187046583,1.16975175084463,-0.0698609619562099,-0.117874128089631,-1.04548117744628,1.52294534167642,0.498548065372042,1.51399137187021
"4618","Ullensvang","Vestland",1,2315,2.77821,0.734847321701009,-0.745432546056935,-1.18312275952233,1.18520968292812,0.853578565335581,-1.0254378468168,-1.21211930615034,-0.336622556172446,1.08249567768956,-0.86818681314082,-0.678069029634267,0.0141285492418138,0.901358159885622,-0.602252817700785,1.01428074067473,0.226574159704754,0.225238397232719,-0.134537839619512,-0.657446947404521,-0.217485117118462,0.491928778286847,1.47939430212553,-0.550830804149758,0.532661114771285,0.836857816381111,-0.93777188536709,0.931040026023618,1.49969184902221,0.45180994075757,0.11574659075988,1.80275735764108,1.14141188182382,1.38795245238576,1.52177812037503,0.662002866887871
"4619","Eidfjord","Vestland",1,1271,1.846112,0.582759430639879,-0.554779384209948,0.401204850286085,0.271092185977588,1.23812637191614,-0.924135664758075,-0.174861958387603,-1.02513603408475,1.60231064536348,-1.18686752393406,-0.818048785701703,0.318677277343123,0.563291082132549,-0.321696958307539,1.71135007205911,-0.400317866163943,1.089693235485,-1.16708984742667,0.602876252165411,1.33974488395385,-0.275456622832403,0.28376570975843,-0.806270683775524,-0.178043013530918,-0.448600596200771,1.01301156625922,-1.25285910776924,-1.415790122618,-0.571502904906204,-0.102367657330393,0,0.0479653521887664,0.868451327051197,0.344516418503118,2.17501641861773
"4620","Ulvik","Vestland",1,285,0.14197,0.868684665834803,-0.938166278047775,-1.45067653589182,1.30442377828161,1.17978118746943,-1.13034757814728,-1.1816346922231,-0.633295960278956,0.3415916560197,-0.801584085127707,-0.719841664532567,0.623226005444433,0.304398321808506,0.445821407680252,-0.238081108931097,1.36614300467748,-0.0485485044562405,-1.76528921808397,0.770919345441402,1.67357971495144,0.440148780598792,-0.881817843164541,-1.62042332289469,-1.9501283922934,-1.13086064646927,-0.837266733071311,0.0158923786238467,-1.27927866275131,0.544452172968945,-0.370582165242473,-0.183103121944637,-0.355593227960076,0.868451327051197,-0.544004507407328,0.62076260918604
"4621","Voss","Vestland",1,3534,1.525719,1.58653951164333,-0.179533653874132,-0.321740576571329,0.880065458091587,0.474334866431998,-1.11083862858227,-1.73390089034541,0.678193810056615,-0.906706791688338,0.0453215706131828,1.0446143657988,-1.20406636316342,0.712183523561193,-0.411430691021765,0.600765035616203,1.11605246258561,0.551284981269414,0.155634396225572,-0.153317667576548,-0.742862004198217,0.722859118279834,0.825575267750213,-0.908683224479145,1.03406153590452,1.05937689437149,-0.752090987769542,1.61920587869332,1.9488015257622,1.14130207894402,-0.271806346187017,0.498177480540975,2.0752697047917,1.38795245238576,1.48337444754706,0.0834820668834054
"4628","Vaksdal","Vestland",1,760,0.01287,-0.846866745334737,-0.554779384209948,-1.31745664695466,0.743294342669369,-0.363714146529764,-1.23556197314773,-2.65467771701391,1.37763273421814,-1.36870715729944,-0.247991571035199,-0.0900780443374656,-0.899517635062115,1.03740003662534,-1.78129921549026,-0.446808083865401,-0.264561855998131,-1.17623881503075,-0.485866092545953,0.406825976676754,0.00640319071283443,-1.13612629932066,-0.837128703311734,-1.83877073618831,-0.787565386799715,-0.0434115304420734,-0.846576487445441,-0.270485750093521,0.269647265938656,1.25111068219093,-0.291865569341642,-0.465762095316327,-1.04548117744628,-0.0196417125780211,-0.267050933342288,-0.73090407997928
"4629","Modalen","Vestland",1,147,0.498264,0,-0.938166278047775,-1.72772259994069,1.02332075024047,-0.294760746729113,-1.18671372882622,-2.77754793135639,0.980443036775974,-1.28348831495085,-0.845078108878595,1.33926049026255,-1.81316381936604,-2.42117751245074,-0.20147116573853,0.435358753592792,0.0512017102797852,-1.32823347113524,-1.74259196089509,1.05099116756805,4.86840593878156,-0.598433798081721,-1.76399563985007,-1.34756342426616,-2.73485468463344,-3.06127564699499,-0.0494320110353199,-2.24649641634598,-2.49513164711966,1.10973275299548,-0.420265261148212,-0.473009761300216,-1.04548117744628,0.348950201716637,-2.11810482573073,-0.450963542719714
"4639","Vik","Vestland",1,356,2.146879,0.309001226729846,-0.873687645200425,-0.934277220473669,0.87911014870836,0.654674527449086,-1.28961487855121,-1.5736364998527,0.630409521891936,0.69626703721677,-0.450695198182186,-0.672261546304747,0.318677277343123,0.218479498748578,0.629454890057194,0.588950301185959,0.601893513039361,1.30751008501427,0.165575978353381,0.0427326079121076,0.339085542431954,-0.186511072571742,-0.596101454214773,-0.717962513922021,-1.68647157659502,-1.21834278421486,-1.37822032740917,0.846522029372349,-0.220772698877978,-0.655239797887913,-0.409615860012333,-0.342551773590205,-1.04548117744628,1.06595648850639,-0.403795542622794,-0.380055942520909
"4640","Sogndal","Vestland",1,812,2.439186,0.613177008852105,-0.809443650525332,-1.0817850157247,0.881972066034484,0.911923749782286,-1.31272045608075,-1.41704655825539,0.650221547581563,-0.426980586331349,-0.116346383458572,1.79781519180837,-2.72681000366997,1.14688928277165,-0.948227283603547,1.45142591459375,2.76894917884571,0.674349931048789,-0.932691102732169,0.0707397901247728,-0.854345166402476,1.19408748448284,0.0913296418364824,-0.637895949182321,-0.709120911028855,-0.0530798470159555,-2.10370502012492,1.20118442434265,1.6256514241658,-0.373583955488805,-0.371055066403376,-0.429523765396879,0.334294721526131,-0.539142837912582,1.25205973472788,0.0926819732456454
"4642","Lærdal","Vestland",1,486,0.218875,-0.542690963212478,-0.873687645200425,-1.98827002748766,1.10045199810602,1.37072906384047,-1.01008226683009,-0.314063134962755,-0.898894598990462,-1.20003177947604,-0.847102098222081,0.0726539537147299,0.318677277343123,0.418763410240952,0.194833441457382,0.730727114348883,1.07248759577099,-0.00326060533461014,-1.45116815390992,0.742912163228736,-0.129819860002639,-0.131936840968183,0.149599962286401,-1.54492899001585,-1.31751830386689,-1.08309273195617,-0.872017808010774,0.47430014686173,-0.446687215299746,-0.588370551060071,0.79519300242711,-0.444019097364658,-1.04548117744628,-0.0196417125780211,-0.306772458552315,0.0331083230874452
"4643","Årdal","Vestland",1,532,2.179191,-1.25750405119979,-0.873687645200425,-1.66517873195761,1.16391745385266,1.98865760820784,-1.13425149372575,-0.69080884357258,-0.550977312260462,0.556577321816541,-0.917746089337673,-0.603317072178701,0.318677277343123,2.1488467940277,-3.69265088514283,2.39266642420316,-0.134437915033371,-0.468029669801838,1.22145286083958,-1.10556186280716,-0.451361578696522,-0.659922348105453,-0.348496950410076,-0.708854340293264,-1.21032714022057,-0.376082773032785,-1.64356336819126,-1.26195967740432,0.622712645604917,-0.75576373762771,0.0199932524857572,-0.473009761300216,-1.04548117744628,-0.0196417125780211,0.583009340752922,0.198051283242852
"4644","Luster","Vestland",1,672,2.000397,-1.38221612186991,-0.938166278047775,-1.84870475655865,1.32603197889846,2.53763275277457,-1.05145518594057,-1.1410973483903,-0.877154731362516,1.25285615243615,-0.901894089125337,0.739077114640325,-0.899517635062115,0.189701066427675,0.343542793205945,0.415667529542386,0.499045563147595,0.991914145325336,0.0125996432849613,0.49084752331475,-0.510291685802426,-0.942577113073028,1.27097466897062,-0.760140102871517,-0.93342676975998,-0.302160688521166,-1.32927477810664,1.32015175497364,0.632270034593808,-0.631014183246125,-0.882120532935496,-0.357047105557984,0.0479653521887664,2.3453189799969,0.904307413411548,0.692105918535512
"4651","Stryn","Vestland",1,1267,2.003271,-0.244598696732665,-0.681652603275862,-1.22887744495649,1.15834541458638,1.76323303193648,-1.16192954005321,-1.43282122797697,-0.0140658221373677,0.691927676898368,-0.467375638052459,1.08277282493467,-1.20406636316342,0.418763410240952,0.294735548893339,0.0769784758754009,0.169183389622613,1.17834234847889,1.54192713459904,-0.573425400766525,-0.769676355410682,-0.0915772814971801,0.210762464784423,-0.759297992595894,-0.181779142140669,0.124760566305501,-1.02784869390608,0.819213869821605,1.00987396035321,-0.0160806629958032,-1.06862859890589,-0.386037769493542,0.891279153212047,0.634852302047198,0.900377728155301,0.250276445583233
"5021","Oppdal","Trøndelag",0,4142,19.801051,1.08160771332038,-0.179533653874132,0.31462266069028,0.726018903339611,0.856230619174067,-0.19648861943921,0.289656687341586,-1.1700736298487,1.43357082150107,-0.541784366743181,1.50753486979443,-0.594968906960805,0.681907472933742,-0.226741729845684,0.143928637646782,0.392813990770312,0.308370991967656,1.25158999195829,-0.209332032001879,-1.13508911863843,1.19955713851682,1.01052794724833,1.75669084256701,1.22222375043335,0.661189927334856,0.389837791954709,1.92938374548108,0.986381857207492,0.774814434262077,-0.465092400028103,0.918542107606565,1.88511282436935,1.23704324134586,1.23218507768082,0.798981791909055
"5022","Rennebu","Trøndelag",0,2117,26.99266,-0.23851518109022,0.187918675133334,1.32132684787314,-0.66249487961064,-0.0693361704577526,-0.180062081888916,0.127952534478217,0.172714794538663,-0.0666038712962995,0.333512949320634,-0.361436527828073,0.623226005444433,0.0140309147160525,0.848375598946847,-0.824879585633198,-1.27642049578778,-0.450397619158249,0.246742573508265,1.21903426084404,-0.143419115488617,-0.889964429338633,-0.359012478121459,2.37490263015034,0.42668507065511,0.438394886743418,0.732481351946552,1.08749333969458,-0.276393658048568,0.927833558317859,-0.521154937543633,-0.291818111702979,0.334294721526131,0.634852302047198,-0.182420494506912,0.03211753165528
"5025","Røros - Rossen","Trøndelag",0,3418,7.546123,-0.786031588910285,0.127203738669081,0.876875168343982,-0.47544833431115,-1.20176315949153,0.97698788741717,0.926861361175396,-0.295416332321271,0.418863324010591,-0.289648688166783,0.470473190262012,0.318677277343123,0.901358159885622,-0.924791175342857,0.683468176627909,1.02834336806567,0.485471527386397,1.18718841775542,-0.601432582979191,-0.995562293991331,3.90403210879001,0.654346466204797,0.344823036968422,0.994502871513445,0.992785733903082,0.312273574522484,-0.288294111487278,0.703951365757794,-0.882593123820671,-0.700773402790811,0,-1.04548117744628,0.348950201716637,0.45385238354331,-0.0987110680020583
"5026","Holtålen","Trøndelag",0,1143,6.561322,-1.24837877773612,-0.618102112821439,1.44846189273316,-1.84138950523191,-0.822519460587944,0.1267991987991,0.0539918905159132,-0.126023407996864,0.32364719469728,-0.417744328978521,-0.710402865314683,0.927774733545743,-0.30221296594519,1.07629407755335,-0.289278291462153,-1.66939146467816,-0.228392966049481,-0.883274578598708,-0.937518769531172,-0.0617467506208512,-0.415705229965089,0.0141622647233732,0.191007385887455,-0.30385826740896,0.0915869185194285,0.0828892698065275,0.211454759846783,-0.542558507081948,0.454457880034943,-0.724365497099288,0.0995558514270534,-0.355593227960076,-0.539142837912582,-0.978389073943092,-0.912065095774114
"5032","Selbu","Trøndelag",0,1666,21.386245,-0.980704089468531,-0.30373292383306,1.16320534227886,-0.931397001694577,-0.305368962083059,-0.707037905610797,-0.351517449070633,1.00457463685794,0.13638095132014,0.133789317687964,0.743552982471379,-0.290420178859496,-0.235420312596318,0.551813619599452,0.628332749286772,-0.400317866163943,0.683862624083214,0.273118924843728,-0.181324849789214,-2.59359006152158,-0.524318905635267,-0.0275237445914495,1.90153215177076,0.142720874108601,0.276148936142497,-0.10695367501857,0.0862382161158327,0.3363084726624,0.938281817796888,-0.706971630738444,0.280747501024291,-1.04548117744628,-0.0196417125780211,-0.510513356430066,-1.19053639152926
"5033","Tydal","Trøndelag",0,1575,10.367857,-0.494022838072917,-0.30373292383306,1.44175259565772,-0.122141152967252,0.190565105713933,0.119065216087165,0.0868033850995744,-0.175943908316463,0.570524243982938,-0.690816900383314,-1.43260666099824,2.14596964595098,-2.42117751245074,0.85448841179103,-0.218389884880691,-1.5662760104293,0.885206583567557,-0.872918669052672,2.14327127386199,1.35357463529552,0.466694585874926,0.0761408364033783,0.736917637043612,0.0761430478298474,-0.459394345195121,1.55242285470176,-1.58645288400812,-1.68046867188223,-0.0271298176015112,-0.766559356060761,-0.284570445719089,0.0479653521887664,0.868451327051197,-0.528575375882622,1.10788114714106
"5034","Meråker","Trøndelag",0,1231,3.392224,-0.0985943213139805,-0.491682745557205,1.52266462241165,-0.734771312886061,-0.079944385811699,-0.446808387047768,-0.345831465831486,0.505813229138312,0.13027225631451,-0.839531826492648,-0.383485700331844,0.318677277343123,0.131807013965776,-0.514355834595918,-1.69129344385107,-1.01173905216627,-2.21917429307583,-0.649606493684412,0.798926527654067,-0.217408285166564,0.152716774778601,0.037688897837824,-0.405729545691617,-0.21594507007131,0.134909901403554,0.0340753881863735,-0.0467748456406864,-0.298003110854972,0.930563320478293,-0.723089457735205,-0.0816357981701838,0.556389034789974,0.348950201716637,-0.147824895866175,0.111433304760605
"5042","Lierne","Trøndelag",0,1078,3.116228,-1.18146010566922,-0.938166278047775,1.30721764341225,-0.169898873549586,-0.676656499471182,0.41834189036067,0.265824773031287,0.0745222986275761,0.777203300992431,-0.896882594458975,-0.89429553924774,0.623226005444433,-0.774320410968691,1.15837940858378,-0.588584897028325,-1.37000270246112,0.894871213996914,0.268088939569971,-0.293353578639874,1.60688958070382,-1.40338605436661,1.29132423207092,-0.469170955493437,-0.373255462968679,-0.511332825291467,0.478056974698703,-1.20436614531526,-1.01827248778384,-1.49909690552763,-1.17883077291613,0.940285105558234,-0.355593227960076,-1.4272358775418,-1.62816848228346,-1.38467545613921
"5043","Raarvihke - Røyrvik","Trøndelag",0,415,3.667892,-0.202014087235548,-1.00288131677214,0.657681365401517,0.197138181676668,-0.337193608144898,-0.245343614449038,-0.121742541117546,-0.328612565062079,0.646710059441224,-1.11919945984364,-1.77736249269493,0.927774733545743,0.361539525480799,0.405270145069654,-0.876076768164254,-1.01173905216627,0.391985530052172,-0.563264622014318,-0.993533133956503,3.87097353923939,0.447409960248154,0.215264637248525,-0.344891612421007,-1.50471061630712,-1.21834278421486,0.562128619052865,-2.33945697077951,-2.31184983395376,-2.07423142552171,-1.61876686808186,-0.212093785880195,0.0479653521887664,-1.4272358775418,-3.00756134319134,-2.06064834216671
"5057","Ørland","Trøndelag",1,1348,0.873557,0.00482544460758751,0.547903563266936,0.297878268699907,-0.215915320802508,-2.40844765600292,-1.38168131218766,-0.575620940267523,1.66243476507778,-0.428749166409253,2.15458099194474,0.995572395462838,-1.20406636316342,0.390130775170626,-0.811567096348553,0.380223326251655,-0.331703951833827,-0.538374226107911,-0.663567038186259,-0.153317667576548,-0.840054423349415,0.26615195935313,-1.5686603119473,-1.15788632447325,-0.108326848125785,-0.477641696976002,-1.34610178836315,0.069229494146334,1.44261530320821,0.103266429504547,-0.727206573342372,-0.451266763348548,-1.04548117744628,-1.4272358775418,0.528269762145934,-0.833943621607107
"5061","Rindal","Trøndelag",0,942,16.722478,-1.09020737103254,-0.117759453355668,1.04579960181095,0.0548452150709114,0.463726651078052,-0.855786569430262,-0.863243348742172,0.752394302238277,0.312409761328904,0.0757411455793005,-0.205087608156656,0.0141285492418138,-0.0768259649441565,0.755796131294965,-0.320784249942802,-1.01173905216627,0.336188324793502,0.322309937837911,-0.321360760852539,-0.236078449477822,-0.413627856136182,-1.00871839972717,1.45776667891031,-0.533100118058363,-0.324097012719424,0.174551114668276,-0.374020945905619,-0.526233605780812,0.942671914097387,-0.547969150828419,-0.125121794073521,-1.04548117744628,-1.4272358775418,-0.869955087889902,-0.760441123774583
"5416","Bardu","Troms og Finnmark",0,606,0.457166,-0.998954636395867,-1.00288131677214,-0.1651342466254,0.747978553685319,0.580417019971462,-0.424726142508871,0.433779545491619,-1.5543311683845,0.169014845511801,-1.01018881235257,0.696858863922547,-2.42226127556866,0.712183523561193,-1.12067925391497,2.39660466901324,0.983602759472879,1.42795662381023,-3.10052422641462,-0.601432582979191,-0.599954573667602,-1.23762846142976,1.21966218554477,-1.37222001186657,-1.05595966739513,-0.867557506792158,-1.39128370337919,-0.314286887641997,0.307770446714532,-0.486488295036478,-1.51861792547304,0.114051183394832,-0.355593227960076,0.634852302047198,0.617634509276508,0.615839569337008
"5418","Målselv","Troms og Finnmark",1,1003,5.555425,-0.542690963212478,-0.938166278047775,-0.240233135718016,0.757245180706057,0.819101865435255,-0.58911826711147,0.586438717232545,-1.24795092530863,0.309134440144802,-0.862002756420777,-0.161887126367672,-1.50861509126473,0.505120266566423,-0.572560134991175,1.45142591459375,0.446367566969566,0.429305600853103,-1.95626456682989,-0.657446947404521,-0.643210962586278,0.5083401963875,1.60172370364341,0.0214382516320142,-0.458728750770133,-0.455783722799797,-1.41078952827103,0.245773253154488,0.905083769860059,-0.951061229413937,-1.56430898426086,0,0.556389034789974,0.634852302047198,0.93058228981217,0.418657396073628
"5425","Storfjord - Omasvuotna - Omasvuono","Troms og Finnmark",1,320,0.057374,0.211664976450723,-1.00288131677214,-1.72772259994069,1.40831028799345,0.463726651078052,-1.02052005022051,0.469376270414314,-1.62238744644464,-0.571637584728853,-1.03617281869654,0.18464673584752,0.623226005444433,-0.30221296594519,-0.7787983989208,-0.478314042346051,-0.928358407766662,-1.87659042407222,-0.188768931728424,-0.965525951743838,0.740839818907537,-0.340924696490219,0.380634065418242,-1.73423094265966,-1.81283458383981,-2.126659318929,-1.03395975264808,-0.674557397875529,-0.616010447160434,0.0978223757384864,-1.58290037555958,-0.378790103509653,-1.04548117744628,-0.0196417125780211,-1.43156535575071,-1.53971566336882
"5426","Gáivuotna - Kåfjord - Kaivuono","Troms og Finnmark",1,131,0.004625,0,-1.06783454911533,-2.1277444048954,1.68801189828351,-0.0587279551038063,-1.20117256440301,0.382240446787444,-1.63504902567981,-1.92689632367367,-0.929299701179408,-0.812863712551122,0.927774733545743,-0.407145376112206,-0.286735502172937,-1.83700850182407,-0.542243869239851,-1.8601624033559,-1.1773432657064,-0.629439765191856,0.589557705620021,1.14188788206396,-0.31575255058596,-1.87644561039682,-2.8714414085227,-4.22931032438209,-2.30816865707293,0.0459946416659608,-0.50717142113785,-1.58851615988652,-1.72285557046845,-0.393285435477432,-1.04548117744628,-1.4272358775418,-1.95958301507166,-2.49533112056965
"5428","Nordreisa - Ráisa - Raisi","Troms og Finnmark",1,451,0.010701,-0.740405221591947,-1.00288131677214,-0.263295160055178,1.0654404501984,-0.0985087626811051,-0.825487299624417,0.771425925554776,-1.24352165126348,0.391755089328672,-1.14587387027577,0.4879812741347,-0.594968906960805,0.47623678086163,-0.789663172690684,0.025781293344345,-0.198826731484555,-0.860069652113693,-0.503490775547267,-0.461396671915865,-0.396887724800712,-0.0946771953741405,1.66551388231739,-1.84706242319352,-1.40610808843661,-2.50380119679674,-1.6758866268483,0.269990094901719,0.513177541038317,-1.74906246741843,-1.84776522749742,-0.197598453912416,-1.04548117744628,-0.539142837912582,-0.643631624456666,-1.60385728553698
"5430","Guovdageaidnu - Kautokeino","Troms og Finnmark",0,437,6.476975,-1.09020737103254,-1.13302778316081,1.44578224890029,-1.84138950523191,-1.68974106577306,0.564780037817265,2.25866725146185,-1.01432114130213,-0.340512960568763,-1.38150358817203,-0.092126785661817,-1.50861509126473,0.390130775170626,-2.32813297344243,-1.56526960992847,1.24343062351482,-0.201546781376539,-1.14429494220626,1.05099116756805,0.872606616412916,0.984880847181369,3.22597639670223,0.177312050222208,-1.44348506265002,-1.67070503225666,-1.025783672029,-2.76883115495569,-0.0819703900070252,-1.45145332575998,-2.89523003030756,6.49924491520147,-1.04548117744628,-1.4272358775418,-1.72325901160531,-2.61439536458124
"5437","Kárájohka - Karasjok","Troms og Finnmark",0,321,2.518972,-1.21187768388145,-1.13302778316081,0.976897308867215,-1.52301273351542,-1.29458504383856,0.285385091095079,2.25055683701167,-0.737691754402357,-0.96388469499269,-1.34190886665414,-0.505465523177801,-0.899517635062115,0.868762152716812,-0.924791175342857,-0.0963042957681728,1.02834336806567,-0.388538423986351,-2.58185736971344,0.182768518975433,0.466703414534831,0.453829781878717,2.36912093868712,-0.616887607423143,-1.80913634115138,-2.40171609292872,-1.30293976713608,-1.65315574195475,-0.209677953059618,-2.01299977966685,-2.65174645954861,2.85366892530506,-1.04548117744628,-1.4272358775418,-2.04747347926428,-2.97672148770011
